--@Autor(es):       Jorge Rodríguez
--@Fecha creación:  dd/mm/yyyy
--@Descripción:     Carga inicial.
 

--STATUS ARTICULO
INSERT INTO STATUS_ARTICULO(STATUS_ARTICULO_ID,CLAVE,DESCRIPCION) VALUES(1,'REGISTRADO','SE ASIGNA CUANDO EL ARTCULO SE REGISTRA EN LA BASE DE DATOS');
INSERT INTO STATUS_ARTICULO(STATUS_ARTICULO_ID,CLAVE,DESCRIPCION) VALUES(2,'EN SUBASTA','SE ASIGNA CUANDO EL ARTCULO ESTA EN PROCESO DE SUBASTA, LA CUAL PUEDE DURAR VARIOS DAS');
INSERT INTO STATUS_ARTICULO(STATUS_ARTICULO_ID,CLAVE,DESCRIPCION) VALUES(3,'VENDIDO','SE ASIGNA CUANDO EL ARTCULO ES VENDIDO A UN CLIENTE,  ESTE YA NO SE PRESENTA PARA SER SUBASTADO');
INSERT INTO STATUS_ARTICULO(STATUS_ARTICULO_ID,CLAVE,DESCRIPCION) VALUES(4,'ENTREGADO','SE ASIGNA CUANDO EL ARTCULO ES ENTREGADO AL CLIENTE');

--ENTIDADES
INSERT INTO ENTIDAD(ENTIDAD_ID,CLAVE,DESCRIPCION) VALUES(1,'AGS','AGUASCALIENTES');
INSERT INTO ENTIDAD(ENTIDAD_ID,CLAVE,DESCRIPCION) VALUES(2,'BC','BAJA CALIFORNIA');
INSERT INTO ENTIDAD(ENTIDAD_ID,CLAVE,DESCRIPCION) VALUES(3,'BCS','BAJA CALIFORNIA SUR');
INSERT INTO ENTIDAD(ENTIDAD_ID,CLAVE,DESCRIPCION) VALUES(4,'CAMP','CAMPECHE');
INSERT INTO ENTIDAD(ENTIDAD_ID,CLAVE,DESCRIPCION) VALUES(5,'CHIS','CHIAPAS');
INSERT INTO ENTIDAD(ENTIDAD_ID,CLAVE,DESCRIPCION) VALUES(6,'CHIH','CHIHUAHUA');
INSERT INTO ENTIDAD(ENTIDAD_ID,CLAVE,DESCRIPCION) VALUES(7,'COAH','COAHUILA');
INSERT INTO ENTIDAD(ENTIDAD_ID,CLAVE,DESCRIPCION) VALUES(8,'COL','COLIMA');
INSERT INTO ENTIDAD(ENTIDAD_ID,CLAVE,DESCRIPCION) VALUES(9,'DF','DISTRITO FEDERAL');
INSERT INTO ENTIDAD(ENTIDAD_ID,CLAVE,DESCRIPCION) VALUES(10,'DGO','DURANGO');
INSERT INTO ENTIDAD(ENTIDAD_ID,CLAVE,DESCRIPCION) VALUES(11,'GTO','GUANAJUATO');
INSERT INTO ENTIDAD(ENTIDAD_ID,CLAVE,DESCRIPCION) VALUES(12,'GRO','GUERRERO');
INSERT INTO ENTIDAD(ENTIDAD_ID,CLAVE,DESCRIPCION) VALUES(13,'HGO','HIDALGO');
INSERT INTO ENTIDAD(ENTIDAD_ID,CLAVE,DESCRIPCION) VALUES(14,'JAL','JALISCO');
INSERT INTO ENTIDAD(ENTIDAD_ID,CLAVE,DESCRIPCION) VALUES(15,'EDO MEX','ESTADO DE MEXICO');
INSERT INTO ENTIDAD(ENTIDAD_ID,CLAVE,DESCRIPCION) VALUES(16,'MICH','MICHOACN');
INSERT INTO ENTIDAD(ENTIDAD_ID,CLAVE,DESCRIPCION) VALUES(17,'MOR','MORELOS');
INSERT INTO ENTIDAD(ENTIDAD_ID,CLAVE,DESCRIPCION) VALUES(18,'NAY','NAYARIT');
INSERT INTO ENTIDAD(ENTIDAD_ID,CLAVE,DESCRIPCION) VALUES(19,'NL','NUEVO LEN');
INSERT INTO ENTIDAD(ENTIDAD_ID,CLAVE,DESCRIPCION) VALUES(20,'OAX','OAXACA');
INSERT INTO ENTIDAD(ENTIDAD_ID,CLAVE,DESCRIPCION) VALUES(21,'PUE','PUEBLA');
INSERT INTO ENTIDAD(ENTIDAD_ID,CLAVE,DESCRIPCION) VALUES(22,'QRO','QUERETARO');
INSERT INTO ENTIDAD(ENTIDAD_ID,CLAVE,DESCRIPCION) VALUES(23,'QR','QUINTANA ROO');
INSERT INTO ENTIDAD(ENTIDAD_ID,CLAVE,DESCRIPCION) VALUES(24,'SLP','SAN LUIS POTOSI');
INSERT INTO ENTIDAD(ENTIDAD_ID,CLAVE,DESCRIPCION) VALUES(25,'SIN','SINALOA');
INSERT INTO ENTIDAD(ENTIDAD_ID,CLAVE,DESCRIPCION) VALUES(26,'SON','SONORA');
INSERT INTO ENTIDAD(ENTIDAD_ID,CLAVE,DESCRIPCION) VALUES(27,'TAB','TABASCO');
INSERT INTO ENTIDAD(ENTIDAD_ID,CLAVE,DESCRIPCION) VALUES(28,'TAMPS','TAMAULIPAS');
INSERT INTO ENTIDAD(ENTIDAD_ID,CLAVE,DESCRIPCION) VALUES(29,'TLAX','TLAXCALA');
INSERT INTO ENTIDAD(ENTIDAD_ID,CLAVE,DESCRIPCION) VALUES(30,'VER	','VERACRUZ');
INSERT INTO ENTIDAD(ENTIDAD_ID,CLAVE,DESCRIPCION) VALUES(31,'YUC','YUCATAN');
INSERT INTO ENTIDAD(ENTIDAD_ID,CLAVE,DESCRIPCION) VALUES(32,'ZAC','ZACATECAS');

--PAISES
INSERT INTO PAIS(PAIS_ID,CLAVE,DESCRIPCION) VALUES(1,'AR','ARGENTINA');
INSERT INTO PAIS(PAIS_ID,CLAVE,DESCRIPCION) VALUES(2,'AW',' ARUBA');
INSERT INTO PAIS(PAIS_ID,CLAVE,DESCRIPCION) VALUES(3,'BO','BOLIVIA');
INSERT INTO PAIS(PAIS_ID,CLAVE,DESCRIPCION) VALUES(4,'BR','BRASIL');
INSERT INTO PAIS(PAIS_ID,CLAVE,DESCRIPCION) VALUES(5,'CL','CHILE');
INSERT INTO PAIS(PAIS_ID,CLAVE,DESCRIPCION) VALUES(6,'CO','COLOMBIA');
INSERT INTO PAIS(PAIS_ID,CLAVE,DESCRIPCION) VALUES(7,'EC','ECUADOR');
INSERT INTO PAIS(PAIS_ID,CLAVE,DESCRIPCION) VALUES(8,'PY','PARAGUAY');
INSERT INTO PAIS(PAIS_ID,CLAVE,DESCRIPCION) VALUES(9,'UY','URUGUAY');
INSERT INTO PAIS(PAIS_ID,CLAVE,DESCRIPCION) VALUES(10,'VE','VENEZUELA');
INSERT INTO PAIS(PAIS_ID,CLAVE,DESCRIPCION) VALUES(11,'PE','PERU');
INSERT INTO PAIS(PAIS_ID,CLAVE,DESCRIPCION) VALUES(12,'CA','CANADA');
INSERT INTO PAIS(PAIS_ID,CLAVE,DESCRIPCION) VALUES(13,'CR','COSTA RICA');
INSERT INTO PAIS(PAIS_ID,CLAVE,DESCRIPCION) VALUES(14,'CU','CUBA');
INSERT INTO PAIS(PAIS_ID,CLAVE,DESCRIPCION) VALUES(15,'DO','REP DOMINICANA');
INSERT INTO PAIS(PAIS_ID,CLAVE,DESCRIPCION) VALUES(16,'SV','EL SALVADOR');
INSERT INTO PAIS(PAIS_ID,CLAVE,DESCRIPCION) VALUES(17,'US','ESTADOS UNIDOS DE AMERICA');
INSERT INTO PAIS(PAIS_ID,CLAVE,DESCRIPCION) VALUES(18,'PR','PUERTO RICO');
INSERT INTO PAIS(PAIS_ID,CLAVE,DESCRIPCION) VALUES(19,'GT','GUATEMALA');
INSERT INTO PAIS(PAIS_ID,CLAVE,DESCRIPCION) VALUES(20,'HN','HONDURAS');
INSERT INTO PAIS(PAIS_ID,CLAVE,DESCRIPCION) VALUES(21,'MX','MEXICO');
INSERT INTO PAIS(PAIS_ID,CLAVE,DESCRIPCION) VALUES(22,'NI','NICARAGUA');
INSERT INTO PAIS(PAIS_ID,CLAVE,DESCRIPCION) VALUES(23,'PA','PANAMA');
INSERT INTO PAIS(PAIS_ID,CLAVE,DESCRIPCION) VALUES(24,'EG','EGIPTO');
INSERT INTO PAIS(PAIS_ID,CLAVE,DESCRIPCION) VALUES(25,'AE','EMIRATOS ARABES UNIDOS');
INSERT INTO PAIS(PAIS_ID,CLAVE,DESCRIPCION) VALUES(26,'ET','ETIOPIA');
INSERT INTO PAIS(PAIS_ID,CLAVE,DESCRIPCION) VALUES(27,'GA','GABN');
INSERT INTO PAIS(PAIS_ID,CLAVE,DESCRIPCION) VALUES(28,'IL','ISRAEL');
INSERT INTO PAIS(PAIS_ID,CLAVE,DESCRIPCION) VALUES(29,'MZ','MOZAMBIQUE');
INSERT INTO PAIS(PAIS_ID,CLAVE,DESCRIPCION) VALUES(30,'QA','QATAR');
INSERT INTO PAIS(PAIS_ID,CLAVE,DESCRIPCION) VALUES(31,'ZA','SUDAFRICA');
INSERT INTO PAIS(PAIS_ID,CLAVE,DESCRIPCION) VALUES(32,'TZ','TANZANIA');
INSERT INTO PAIS(PAIS_ID,CLAVE,DESCRIPCION) VALUES(33,'DE','ALEMANIA');
INSERT INTO PAIS(PAIS_ID,CLAVE,DESCRIPCION) VALUES(34,'AT','AUSTRIA');
INSERT INTO PAIS(PAIS_ID,CLAVE,DESCRIPCION) VALUES(35,'BE','BELGICA');
INSERT INTO PAIS(PAIS_ID,CLAVE,DESCRIPCION) VALUES(36,'BG','BULGARIA');
INSERT INTO PAIS(PAIS_ID,CLAVE,DESCRIPCION) VALUES(37,'DK','DINAMARCA');
INSERT INTO PAIS(PAIS_ID,CLAVE,DESCRIPCION) VALUES(38,'ES','ESPAA');
INSERT INTO PAIS(PAIS_ID,CLAVE,DESCRIPCION) VALUES(39,'FI','FINLANDIA');
INSERT INTO PAIS(PAIS_ID,CLAVE,DESCRIPCION) VALUES(40,'FR','FRANCIA');
INSERT INTO PAIS(PAIS_ID,CLAVE,DESCRIPCION) VALUES(41,'GB','GRAN BRETAA');
INSERT INTO PAIS(PAIS_ID,CLAVE,DESCRIPCION) VALUES(42,'GR','GRECIA');
INSERT INTO PAIS(PAIS_ID,CLAVE,DESCRIPCION) VALUES(43,'HU','HUNGRIA');
INSERT INTO PAIS(PAIS_ID,CLAVE,DESCRIPCION) VALUES(44,'IE','IRLANDA');
INSERT INTO PAIS(PAIS_ID,CLAVE,DESCRIPCION) VALUES(45,'IT','ITALIA');
INSERT INTO PAIS(PAIS_ID,CLAVE,DESCRIPCION) VALUES(46,'LU','LUXEMBURGO');
INSERT INTO PAIS(PAIS_ID,CLAVE,DESCRIPCION) VALUES(47,'NO','NORUEGA');
INSERT INTO PAIS(PAIS_ID,CLAVE,DESCRIPCION) VALUES(48,'NL','PAISES BAJOS');
INSERT INTO PAIS(PAIS_ID,CLAVE,DESCRIPCION) VALUES(49,'PL','POLONIA');
INSERT INTO PAIS(PAIS_ID,CLAVE,DESCRIPCION) VALUES(50,'PT','PORTUGAL');
INSERT INTO PAIS(PAIS_ID,CLAVE,DESCRIPCION) VALUES(51,'SE','SUECIA');
INSERT INTO PAIS(PAIS_ID,CLAVE,DESCRIPCION) VALUES(52,'CH','SUIZA');

---CLIENTES
INSERT INTO CLIENTE(CLIENTE_ID,NOMBRE,APELLIDO_PATERNO,APELLIDO_MATERNO,FECHA_NACIMIENTO,EMAIL,OCUPACION,ENTIDAD_ID) VALUES (1,'FRANCISCO','GONZALEZ','GARCIA',TO_DATE('31/03/1989','DD/MM/YYYY'),'francisco1@hotmail.com','MEDICO',17);
INSERT INTO CLIENTE(CLIENTE_ID,NOMBRE,APELLIDO_PATERNO,APELLIDO_MATERNO,FECHA_NACIMIENTO,EMAIL,OCUPACION,ENTIDAD_ID) VALUES (2,'SUSANA','RODRIGUEZ','FERNANDEZ',TO_DATE('07/10/1975','DD/MM/YYYY'),'susana2@webmail.com','ARQUITECTO',20);
INSERT INTO CLIENTE(CLIENTE_ID,NOMBRE,APELLIDO_PATERNO,APELLIDO_MATERNO,FECHA_NACIMIENTO,EMAIL,OCUPACION,ENTIDAD_ID) VALUES (3,'GALILEA','GOMEZ','GONZALEZ',TO_DATE('06/10/1974','DD/MM/YYYY'),'galilea3@hotmail.com','SOCIOLOGO',24);
INSERT INTO CLIENTE(CLIENTE_ID,NOMBRE,APELLIDO_PATERNO,APELLIDO_MATERNO,FECHA_NACIMIENTO,EMAIL,OCUPACION,ENTIDAD_ID) VALUES (4,'LUZ','FERNANDEZ','RODRIGUEZ',TO_DATE('15/02/1978','DD/MM/YYYY'),'luz4@gmail.com','ANTROPOLOGO',11);
INSERT INTO CLIENTE(CLIENTE_ID,NOMBRE,APELLIDO_PATERNO,APELLIDO_MATERNO,FECHA_NACIMIENTO,EMAIL,OCUPACION,ENTIDAD_ID) VALUES (5,'MIRIAM','LOPEZ','LOPEZ',TO_DATE('26/04/1986','DD/MM/YYYY'),'miriam5@terra.com.mx','ECONOMISTA',12);
INSERT INTO CLIENTE(CLIENTE_ID,NOMBRE,APELLIDO_PATERNO,APELLIDO_MATERNO,FECHA_NACIMIENTO,EMAIL,OCUPACION,ENTIDAD_ID) VALUES (6,'MARIO','DIAZ','MARTINEZ',TO_DATE('06/05/1978','DD/MM/YYYY'),'mario6@yahoo.com','HOGAR',16);
INSERT INTO CLIENTE(CLIENTE_ID,NOMBRE,APELLIDO_PATERNO,APELLIDO_MATERNO,FECHA_NACIMIENTO,EMAIL,OCUPACION,ENTIDAD_ID) VALUES (7,'AZUCENA','MARTINEZ','SANCHEZ',TO_DATE('01/06/1975','DD/MM/YYYY'),'azucena7@gmail.com','HOGAR',7);  
INSERT INTO CLIENTE(CLIENTE_ID,NOMBRE,APELLIDO_PATERNO,APELLIDO_MATERNO,FECHA_NACIMIENTO,EMAIL,OCUPACION,ENTIDAD_ID) VALUES (8,'ALEJANDRO','PEREZ','PEREZ',TO_DATE('28/07/1971','DD/MM/YYYY'),'alejandro8@prodigy.net.mx','PINTOR',12);
INSERT INTO CLIENTE(CLIENTE_ID,NOMBRE,APELLIDO_PATERNO,APELLIDO_MATERNO,FECHA_NACIMIENTO,EMAIL,OCUPACION,ENTIDAD_ID) VALUES (9,'GERARDO','GARCIA','MARTIN',TO_DATE('16/05/1976','DD/MM/YYYY'),'gerardo9@prodigy.net.mx','ARTESANO',26);
INSERT INTO CLIENTE(CLIENTE_ID,NOMBRE,APELLIDO_PATERNO,APELLIDO_MATERNO,FECHA_NACIMIENTO,EMAIL,OCUPACION,ENTIDAD_ID) VALUES (10,'LUCIA','SANCHEZ','GOMEZ',TO_DATE('09/09/1984','DD/MM/YYYY'),'lucia10@prodigy.net.mx','PSICOLOGO',3);  
INSERT INTO CLIENTE(CLIENTE_ID,NOMBRE,APELLIDO_PATERNO,APELLIDO_MATERNO,FECHA_NACIMIENTO,EMAIL,OCUPACION,ENTIDAD_ID) VALUES (11,'MIRIAM','ROMERO','GONZALEZ',TO_DATE('24/05/1976','DD/MM/YYYY'),'miriam11@hotmail.com','PSICOLOGO',5);  
INSERT INTO CLIENTE(CLIENTE_ID,NOMBRE,APELLIDO_PATERNO,APELLIDO_MATERNO,FECHA_NACIMIENTO,EMAIL,OCUPACION,ENTIDAD_ID) VALUES (12,'ALEJANDRO','SOSA','RODRIGUEZ',TO_DATE('19/12/1976','DD/MM/YYYY'),'alejandro12@gmail.com','PINTOR',19);
INSERT INTO CLIENTE(CLIENTE_ID,NOMBRE,APELLIDO_PATERNO,APELLIDO_MATERNO,FECHA_NACIMIENTO,EMAIL,OCUPACION,ENTIDAD_ID) VALUES (13,'ALEJANDRO','ALVAREZ','GOMEZ',TO_DATE('03/08/1977','DD/MM/YYYY'),'alejandro13@prodigy.net.mx','ARQUITECTO',25);
INSERT INTO CLIENTE(CLIENTE_ID,NOMBRE,APELLIDO_PATERNO,APELLIDO_MATERNO,FECHA_NACIMIENTO,EMAIL,OCUPACION,ENTIDAD_ID) VALUES (14,'MARICELA','TORRES','FERNANDEZ',TO_DATE('05/08/1980','DD/MM/YYYY'),'maricela14@terra.com.mx','INGENIERO',13);
INSERT INTO CLIENTE(CLIENTE_ID,NOMBRE,APELLIDO_PATERNO,APELLIDO_MATERNO,FECHA_NACIMIENTO,EMAIL,OCUPACION,ENTIDAD_ID) VALUES (15,'MIRIAM','RUIZ','LOPEZ',TO_DATE('17/09/1985','DD/MM/YYYY'),'miriam15@yahoo.com','MAESTRO',22);
INSERT INTO CLIENTE(CLIENTE_ID,NOMBRE,APELLIDO_PATERNO,APELLIDO_MATERNO,FECHA_NACIMIENTO,EMAIL,OCUPACION,ENTIDAD_ID) VALUES (16,'GALILEA','RAMIREZ','DIAZ',TO_DATE('18/10/1991','DD/MM/YYYY'),'galilea16@webmail.com','ESCULTOR',25);
INSERT INTO CLIENTE(CLIENTE_ID,NOMBRE,APELLIDO_PATERNO,APELLIDO_MATERNO,FECHA_NACIMIENTO,EMAIL,OCUPACION,ENTIDAD_ID) VALUES (17,'MIRIAM','FLORES','MARTINEZ',TO_DATE('03/10/1980','DD/MM/YYYY'),'miriam17@yahoo.com','SOCIOLOGO',15);
INSERT INTO CLIENTE(CLIENTE_ID,NOMBRE,APELLIDO_PATERNO,APELLIDO_MATERNO,FECHA_NACIMIENTO,EMAIL,OCUPACION,ENTIDAD_ID) VALUES (18,'DANIEL','ACOSTA','PEREZ',TO_DATE('22/09/1979','DD/MM/YYYY'),'daniel18@gmail.com','ECONOMISTA',21);
INSERT INTO CLIENTE(CLIENTE_ID,NOMBRE,APELLIDO_PATERNO,APELLIDO_MATERNO,FECHA_NACIMIENTO,EMAIL,OCUPACION,ENTIDAD_ID) VALUES (19,'ALEJANDRO','BENITEZ','GARCIA',TO_DATE('24/08/1970','DD/MM/YYYY'),'alejandro19@live.msm.com','SOCIOLOGO',20);
INSERT INTO CLIENTE(CLIENTE_ID,NOMBRE,APELLIDO_PATERNO,APELLIDO_MATERNO,FECHA_NACIMIENTO,EMAIL,OCUPACION,ENTIDAD_ID) VALUES (20,'PABLO','MEDINA','SANCHEZ',TO_DATE('17/02/1986','DD/MM/YYYY'),'pablo20@hotmail.com','HOGAR',6);  
INSERT INTO CLIENTE(CLIENTE_ID,NOMBRE,APELLIDO_PATERNO,APELLIDO_MATERNO,FECHA_NACIMIENTO,EMAIL,OCUPACION,ENTIDAD_ID) VALUES (21,'DAVID','SUAREZ','GONZALEZ',TO_DATE('07/08/1975','DD/MM/YYYY'),'david21@live.msm.com','MEDICO',26);
INSERT INTO CLIENTE(CLIENTE_ID,NOMBRE,APELLIDO_PATERNO,APELLIDO_MATERNO,FECHA_NACIMIENTO,EMAIL,OCUPACION,ENTIDAD_ID) VALUES (22,'ADRIAN','HERRERA','MUOZ',TO_DATE('20/05/1981','DD/MM/YYYY'),'adrian22@live.msm.com','DENTISTA',26);
INSERT INTO CLIENTE(CLIENTE_ID,NOMBRE,APELLIDO_PATERNO,APELLIDO_MATERNO,FECHA_NACIMIENTO,EMAIL,OCUPACION,ENTIDAD_ID) VALUES (23,'HUGO','AGUIRRE','ROJAS',TO_DATE('25/12/1971','DD/MM/YYYY'),'hugo23@hotmail.com','HISTORIADOR',13);
INSERT INTO CLIENTE(CLIENTE_ID,NOMBRE,APELLIDO_PATERNO,APELLIDO_MATERNO,FECHA_NACIMIENTO,EMAIL,OCUPACION,ENTIDAD_ID) VALUES (24,'ALVARO','PEREYRA','DIAZ',TO_DATE('01/09/1977','DD/MM/YYYY'),'alvaro24@webmail.com','ARTESANO',4);  
INSERT INTO CLIENTE(CLIENTE_ID,NOMBRE,APELLIDO_PATERNO,APELLIDO_MATERNO,FECHA_NACIMIENTO,EMAIL,OCUPACION,ENTIDAD_ID) VALUES (25,'JAVIER','GUTIERREZ','PEREZ',TO_DATE('03/05/1981','DD/MM/YYYY'),'javier25@prodigy.net.mx','ARQUITECTO',23);
INSERT INTO CLIENTE(CLIENTE_ID,NOMBRE,APELLIDO_PATERNO,APELLIDO_MATERNO,FECHA_NACIMIENTO,EMAIL,OCUPACION,ENTIDAD_ID) VALUES (26,'DIEGO','GIMENEZ','SOTO',TO_DATE('28/05/1982','DD/MM/YYYY'),'diego26@gmail.com','ECONOMISTA',3);  
INSERT INTO CLIENTE(CLIENTE_ID,NOMBRE,APELLIDO_PATERNO,APELLIDO_MATERNO,FECHA_NACIMIENTO,EMAIL,OCUPACION,ENTIDAD_ID) VALUES (27,'SERGIO','MOLINA','CONTRERAS',TO_DATE('16/09/1988','DD/MM/YYYY'),'sergio27@terra.com.mx','INGENIERO',2);  
INSERT INTO CLIENTE(CLIENTE_ID,NOMBRE,APELLIDO_PATERNO,APELLIDO_MATERNO,FECHA_NACIMIENTO,EMAIL,OCUPACION,ENTIDAD_ID) VALUES (28,'LUCIA','SILVA','SILVA',TO_DATE('11/10/1981','DD/MM/YYYY'),'lucia28@gmail.com','ARTESANO',5);  
INSERT INTO CLIENTE(CLIENTE_ID,NOMBRE,APELLIDO_PATERNO,APELLIDO_MATERNO,FECHA_NACIMIENTO,EMAIL,OCUPACION,ENTIDAD_ID) VALUES (29,'MARIA','CASTRO','MARTINEZ',TO_DATE('26/01/1983','DD/MM/YYYY'),'maria29@gmail.com','ABOGADO',9);  
INSERT INTO CLIENTE(CLIENTE_ID,NOMBRE,APELLIDO_PATERNO,APELLIDO_MATERNO,FECHA_NACIMIENTO,EMAIL,OCUPACION,ENTIDAD_ID) VALUES (30,'PAULA','ROJAS','SEPULVEDA',TO_DATE('24/12/1985','DD/MM/YYYY'),'paula30@terra.com.mx','PSICOLOGO',17);
INSERT INTO CLIENTE(CLIENTE_ID,NOMBRE,APELLIDO_PATERNO,APELLIDO_MATERNO,FECHA_NACIMIENTO,EMAIL,OCUPACION,ENTIDAD_ID) VALUES (31,'SARA','ORTIZ','RODRIGUEZ',TO_DATE('19/11/1974','DD/MM/YYYY'),'sara31@terra.com.mx','ABOGADO',27);
INSERT INTO CLIENTE(CLIENTE_ID,NOMBRE,APELLIDO_PATERNO,APELLIDO_MATERNO,FECHA_NACIMIENTO,EMAIL,OCUPACION,ENTIDAD_ID) VALUES (32,'CARLA','NEZ','FLORES',TO_DATE('05/03/1971','DD/MM/YYYY'),'carla32@prodigy.net.mx','ARQUITECTO',11);
INSERT INTO CLIENTE(CLIENTE_ID,NOMBRE,APELLIDO_PATERNO,APELLIDO_MATERNO,FECHA_NACIMIENTO,EMAIL,OCUPACION,ENTIDAD_ID) VALUES (33,'CLAUDIA','LUNA','HERNANDEZ',TO_DATE('26/08/1982','DD/MM/YYYY'),'claudia33@live.msm.com','ARQUITECTO',13);
INSERT INTO CLIENTE(CLIENTE_ID,NOMBRE,APELLIDO_PATERNO,APELLIDO_MATERNO,FECHA_NACIMIENTO,EMAIL,OCUPACION,ENTIDAD_ID) VALUES (34,'LAURA','JUAREZ','GARCIA',TO_DATE('23/05/1987','DD/MM/YYYY'),'laura34@prodigy.net.mx','MAESTRO',10);
INSERT INTO CLIENTE(CLIENTE_ID,NOMBRE,APELLIDO_PATERNO,APELLIDO_MATERNO,FECHA_NACIMIENTO,EMAIL,OCUPACION,ENTIDAD_ID) VALUES (35,'MARTA','CABRERA','MARTINEZ',TO_DATE('26/08/1981','DD/MM/YYYY'),'marta35@live.msm.com','ARTESANO',29);
INSERT INTO CLIENTE(CLIENTE_ID,NOMBRE,APELLIDO_PATERNO,APELLIDO_MATERNO,FECHA_NACIMIENTO,EMAIL,OCUPACION,ENTIDAD_ID) VALUES (36,'IRENE','RIOS','LOPEZ',TO_DATE('02/10/1986','DD/MM/YYYY'),'irene36@live.msm.com','INGENIERO',4);  
INSERT INTO CLIENTE(CLIENTE_ID,NOMBRE,APELLIDO_PATERNO,APELLIDO_MATERNO,FECHA_NACIMIENTO,EMAIL,OCUPACION,ENTIDAD_ID) VALUES (37,'ALBA','FERREYRA','GONZALEZ',TO_DATE('07/10/1981','DD/MM/YYYY'),'alba37@yahoo.com','INGENIERO',21);
INSERT INTO CLIENTE(CLIENTE_ID,NOMBRE,APELLIDO_PATERNO,APELLIDO_MATERNO,FECHA_NACIMIENTO,EMAIL,OCUPACION,ENTIDAD_ID) VALUES (38,'GERARDO','GODOY','GOMEZ',TO_DATE('03/02/1987','DD/MM/YYYY'),'gerardo38@gmail.com','MEDICO',21);
INSERT INTO CLIENTE(CLIENTE_ID,NOMBRE,APELLIDO_PATERNO,APELLIDO_MATERNO,FECHA_NACIMIENTO,EMAIL,OCUPACION,ENTIDAD_ID) VALUES (39,'SERGI','MORALES','PEREZ',TO_DATE('16/02/1988','DD/MM/YYYY'),'sergi39@yahoo.com','HISTORIADOR',20);
INSERT INTO CLIENTE(CLIENTE_ID,NOMBRE,APELLIDO_PATERNO,APELLIDO_MATERNO,FECHA_NACIMIENTO,EMAIL,OCUPACION,ENTIDAD_ID) VALUES (40,'ALEIX','DOMINGUEZ','SANCHEZ',TO_DATE('04/01/1977','DD/MM/YYYY'),'aleix40@webmail.com','ARTESANO',22);
INSERT INTO CLIENTE(CLIENTE_ID,NOMBRE,APELLIDO_PATERNO,APELLIDO_MATERNO,FECHA_NACIMIENTO,EMAIL,OCUPACION,ENTIDAD_ID) VALUES (41,'CESAR','MORENO','LOPEZ',TO_DATE('16/06/1990','DD/MM/YYYY'),'cesar41@webmail.com','MAESTRO',13);
INSERT INTO CLIENTE(CLIENTE_ID,NOMBRE,APELLIDO_PATERNO,APELLIDO_MATERNO,FECHA_NACIMIENTO,EMAIL,OCUPACION,ENTIDAD_ID) VALUES (42,'JUAN ANTONIO','PERALTA','MARTINEZ',TO_DATE('09/02/1988','DD/MM/YYYY'),'juanantonio42@hotmail.com','SOCIOLOGO',3);  
INSERT INTO CLIENTE(CLIENTE_ID,NOMBRE,APELLIDO_PATERNO,APELLIDO_MATERNO,FECHA_NACIMIENTO,EMAIL,OCUPACION,ENTIDAD_ID) VALUES (43,'AIMAR','VEGA','LOPEZ',TO_DATE('31/03/1988','DD/MM/YYYY'),'aimar43@terra.com.mx','DENTISTA',23);
INSERT INTO CLIENTE(CLIENTE_ID,NOMBRE,APELLIDO_PATERNO,APELLIDO_MATERNO,FECHA_NACIMIENTO,EMAIL,OCUPACION,ENTIDAD_ID) VALUES (44,'ROGER','CARRIZO','MIRON',TO_DATE('12/11/1985','DD/MM/YYYY'),'roger44@hotmail.com','ARTESANO',21);
INSERT INTO CLIENTE(CLIENTE_ID,NOMBRE,APELLIDO_PATERNO,APELLIDO_MATERNO,FECHA_NACIMIENTO,EMAIL,OCUPACION,ENTIDAD_ID) VALUES (45,'JOAQUIN','QUIROGA','LOZANO',TO_DATE('11/09/1973','DD/MM/YYYY'),'joaquin45@live.msm.com','ANTROPOLOGO',17);
INSERT INTO CLIENTE(CLIENTE_ID,NOMBRE,APELLIDO_PATERNO,APELLIDO_MATERNO,FECHA_NACIMIENTO,EMAIL,OCUPACION,ENTIDAD_ID) VALUES (46,'JOSE MARIA','CASTILLO','VILLANUEVA',TO_DATE('27/07/1984','DD/MM/YYYY'),'josemaria46@terra.com.mx','ESCULTOR',2);  
INSERT INTO CLIENTE(CLIENTE_ID,NOMBRE,APELLIDO_PATERNO,APELLIDO_MATERNO,FECHA_NACIMIENTO,EMAIL,OCUPACION,ENTIDAD_ID) VALUES (47,'NADIA','LEDESMA','LINARES',TO_DATE('04/12/1983','DD/MM/YYYY'),'nadia47@hotmail.com','MAESTRO',4);  
INSERT INTO CLIENTE(CLIENTE_ID,NOMBRE,APELLIDO_PATERNO,APELLIDO_MATERNO,FECHA_NACIMIENTO,EMAIL,OCUPACION,ENTIDAD_ID) VALUES (48,'SARAY','MUOZ','LOPEZ',TO_DATE('14/10/1975','DD/MM/YYYY'),'saray48@live.msm.com','LOCUTOR',2);  
INSERT INTO CLIENTE(CLIENTE_ID,NOMBRE,APELLIDO_PATERNO,APELLIDO_MATERNO,FECHA_NACIMIENTO,EMAIL,OCUPACION,ENTIDAD_ID) VALUES (49,'SONIA','OJEDA','ZAVALA',TO_DATE('12/07/1980','DD/MM/YYYY'),'sonia49@live.msm.com','DENTISTA',21);
INSERT INTO CLIENTE(CLIENTE_ID,NOMBRE,APELLIDO_PATERNO,APELLIDO_MATERNO,FECHA_NACIMIENTO,EMAIL,OCUPACION,ENTIDAD_ID) VALUES (50,'ALEXIA','PONCE','MUOZ',TO_DATE('18/02/1988','DD/MM/YYYY'),'alexia50@terra.com.mx','ARQUITECTO',3);  
INSERT INTO CLIENTE(CLIENTE_ID,NOMBRE,APELLIDO_PATERNO,APELLIDO_MATERNO,FECHA_NACIMIENTO,EMAIL,OCUPACION,ENTIDAD_ID) VALUES (51,'NAHIA','VERA','CENTENO',TO_DATE('28/08/1976','DD/MM/YYYY'),'nahia51@gmail.com','ABOGADO',5);  
INSERT INTO CLIENTE(CLIENTE_ID,NOMBRE,APELLIDO_PATERNO,APELLIDO_MATERNO,FECHA_NACIMIENTO,EMAIL,OCUPACION,ENTIDAD_ID) VALUES (52,'MANUELA','VAZQUEZ','VILLANUEVA',TO_DATE('08/01/1991','DD/MM/YYYY'),'manuela52@hotmail.com','PSICOLOGO',1);  
INSERT INTO CLIENTE(CLIENTE_ID,NOMBRE,APELLIDO_PATERNO,APELLIDO_MATERNO,FECHA_NACIMIENTO,EMAIL,OCUPACION,ENTIDAD_ID) VALUES (53,'NOEMI','VILLALBA','ZAVALA',TO_DATE('23/02/1982','DD/MM/YYYY'),'noemi53@yahoo.com','PINTOR',9);  
INSERT INTO CLIENTE(CLIENTE_ID,NOMBRE,APELLIDO_PATERNO,APELLIDO_MATERNO,FECHA_NACIMIENTO,EMAIL,OCUPACION,ENTIDAD_ID) VALUES (54,'NAIA','CARDOZO','MUOZ',TO_DATE('30/03/1970','DD/MM/YYYY'),'naia54@live.msm.com','ECONOMISTA',10);
INSERT INTO CLIENTE(CLIENTE_ID,NOMBRE,APELLIDO_PATERNO,APELLIDO_MATERNO,FECHA_NACIMIENTO,EMAIL,OCUPACION,ENTIDAD_ID) VALUES (55,'ESTELA','NAVARRO','RODRGUEZ',TO_DATE('01/03/1981','DD/MM/YYYY'),'estela55@webmail.com','ABOGADO',12);
INSERT INTO CLIENTE(CLIENTE_ID,NOMBRE,APELLIDO_PATERNO,APELLIDO_MATERNO,FECHA_NACIMIENTO,EMAIL,OCUPACION,ENTIDAD_ID) VALUES (56,'ANE','RAMOS','BENITEZ',TO_DATE('19/03/1990','DD/MM/YYYY'),'ane56@webmail.com','DENTISTA',32);
INSERT INTO CLIENTE(CLIENTE_ID,NOMBRE,APELLIDO_PATERNO,APELLIDO_MATERNO,FECHA_NACIMIENTO,EMAIL,OCUPACION,ENTIDAD_ID) VALUES (57,'GALILEA','ARIAS','HURTADO',TO_DATE('28/04/1971','DD/MM/YYYY'),'galilea57@prodigy.net.mx','HOGAR',10);
INSERT INTO CLIENTE(CLIENTE_ID,NOMBRE,APELLIDO_PATERNO,APELLIDO_MATERNO,FECHA_NACIMIENTO,EMAIL,OCUPACION,ENTIDAD_ID) VALUES (58,'MIRIAM','CORONEL','LINARES',TO_DATE('24/06/1991','DD/MM/YYYY'),'miriam58@terra.com.mx','LOCUTOR',6);  
INSERT INTO CLIENTE(CLIENTE_ID,NOMBRE,APELLIDO_PATERNO,APELLIDO_MATERNO,FECHA_NACIMIENTO,EMAIL,OCUPACION,ENTIDAD_ID) VALUES (59,'DANIEL','CORDOBA','CARRASCO',TO_DATE('19/01/1989','DD/MM/YYYY'),'daniel59@webmail.com','ARTESANO',27);
INSERT INTO CLIENTE(CLIENTE_ID,NOMBRE,APELLIDO_PATERNO,APELLIDO_MATERNO,FECHA_NACIMIENTO,EMAIL,OCUPACION,ENTIDAD_ID) VALUES (60,'ALBA','FIGUEROA','LOPEZ',TO_DATE('21/10/1986','DD/MM/YYYY'),'alba60@live.msm.com','INGENIERO',1);  
INSERT INTO CLIENTE(CLIENTE_ID,NOMBRE,APELLIDO_PATERNO,APELLIDO_MATERNO,FECHA_NACIMIENTO,EMAIL,OCUPACION,ENTIDAD_ID) VALUES (61,'ALEJANDRO','CORREA','MIRON',TO_DATE('30/01/1972','DD/MM/YYYY'),'alejandro61@prodigy.net.mx','HOGAR',25);
INSERT INTO CLIENTE(CLIENTE_ID,NOMBRE,APELLIDO_PATERNO,APELLIDO_MATERNO,FECHA_NACIMIENTO,EMAIL,OCUPACION,ENTIDAD_ID) VALUES (62,'GERARDO','CACERES','MUOZ',TO_DATE('06/11/1983','DD/MM/YYYY'),'gerardo62@prodigy.net.mx','SOCIOLOGO',7);  
INSERT INTO CLIENTE(CLIENTE_ID,NOMBRE,APELLIDO_PATERNO,APELLIDO_MATERNO,FECHA_NACIMIENTO,EMAIL,OCUPACION,ENTIDAD_ID) VALUES (63,'GERARDO','VARGAS','JIMENEZ',TO_DATE('17/02/1974','DD/MM/YYYY'),'gerardo63@terra.com.mx','HOGAR',16);
INSERT INTO CLIENTE(CLIENTE_ID,NOMBRE,APELLIDO_PATERNO,APELLIDO_MATERNO,FECHA_NACIMIENTO,EMAIL,OCUPACION,ENTIDAD_ID) VALUES (64,'ALEJANDRO','MALDONADO','CARRASCO',TO_DATE('18/08/1981','DD/MM/YYYY'),'alejandro64@webmail.com','ARTESANO',14);
INSERT INTO CLIENTE(CLIENTE_ID,NOMBRE,APELLIDO_PATERNO,APELLIDO_MATERNO,FECHA_NACIMIENTO,EMAIL,OCUPACION,ENTIDAD_ID) VALUES (65,'MIRIAM','MANSILLA','MUOZ',TO_DATE('26/10/1986','DD/MM/YYYY'),'miriam65@gmail.com','PSICOLOGO',5);  
INSERT INTO CLIENTE(CLIENTE_ID,NOMBRE,APELLIDO_PATERNO,APELLIDO_MATERNO,FECHA_NACIMIENTO,EMAIL,OCUPACION,ENTIDAD_ID) VALUES (66,'MARICELA','FARIAS','MIRON',TO_DATE('07/07/1970','DD/MM/YYYY'),'maricela66@yahoo.com','DENTISTA',1);  
INSERT INTO CLIENTE(CLIENTE_ID,NOMBRE,APELLIDO_PATERNO,APELLIDO_MATERNO,FECHA_NACIMIENTO,EMAIL,OCUPACION,ENTIDAD_ID) VALUES (67,'SUSANA','RIVERO','VAZQUEZ',TO_DATE('30/10/1991','DD/MM/YYYY'),'susana67@live.msm.com','ARTESANO',3);  
INSERT INTO CLIENTE(CLIENTE_ID,NOMBRE,APELLIDO_PATERNO,APELLIDO_MATERNO,FECHA_NACIMIENTO,EMAIL,OCUPACION,ENTIDAD_ID) VALUES (68,'JULIO','PAZ','GONZALEZ',TO_DATE('06/08/1976','DD/MM/YYYY'),'julio68@prodigy.net.mx','MEDICO',27);
INSERT INTO CLIENTE(CLIENTE_ID,NOMBRE,APELLIDO_PATERNO,APELLIDO_MATERNO,FECHA_NACIMIENTO,EMAIL,OCUPACION,ENTIDAD_ID) VALUES (69,'LUZ','MIRANDA','MUOZ',TO_DATE('14/11/1984','DD/MM/YYYY'),'luz69@yahoo.com','ARTESANO',15);
INSERT INTO CLIENTE(CLIENTE_ID,NOMBRE,APELLIDO_PATERNO,APELLIDO_MATERNO,FECHA_NACIMIENTO,EMAIL,OCUPACION,ENTIDAD_ID) VALUES (70,'LUZ','ROLDAN','ROJAS',TO_DATE('25/06/1977','DD/MM/YYYY'),'luz70@hotmail.com','PSICOLOGO',17);
INSERT INTO CLIENTE(CLIENTE_ID,NOMBRE,APELLIDO_PATERNO,APELLIDO_MATERNO,FECHA_NACIMIENTO,EMAIL,OCUPACION,ENTIDAD_ID) VALUES (71,'GERARDO','MENDEZ','DIAZ',TO_DATE('04/04/1985','DD/MM/YYYY'),'gerardo71@hotmail.com','MAESTRO',21);
INSERT INTO CLIENTE(CLIENTE_ID,NOMBRE,APELLIDO_PATERNO,APELLIDO_MATERNO,FECHA_NACIMIENTO,EMAIL,OCUPACION,ENTIDAD_ID) VALUES (72,'ALEJANDRO','LUCERO','PEREZ',TO_DATE('12/08/1975','DD/MM/YYYY'),'alejandro72@yahoo.com','ARQUITECTO',30);
INSERT INTO CLIENTE(CLIENTE_ID,NOMBRE,APELLIDO_PATERNO,APELLIDO_MATERNO,FECHA_NACIMIENTO,EMAIL,OCUPACION,ENTIDAD_ID) VALUES (73,'ALEJANDRO','CRUZ','SOTO',TO_DATE('01/05/1987','DD/MM/YYYY'),'alejandro73@yahoo.com','HISTORIADOR',21);
INSERT INTO CLIENTE(CLIENTE_ID,NOMBRE,APELLIDO_PATERNO,APELLIDO_MATERNO,FECHA_NACIMIENTO,EMAIL,OCUPACION,ENTIDAD_ID) VALUES (74,'AZUCENA','HERNANDEZ','CONTRERAS',TO_DATE('15/09/1991','DD/MM/YYYY'),'azucena74@live.msm.com','LOCUTOR',5);  
INSERT INTO CLIENTE(CLIENTE_ID,NOMBRE,APELLIDO_PATERNO,APELLIDO_MATERNO,FECHA_NACIMIENTO,EMAIL,OCUPACION,ENTIDAD_ID) VALUES (75,'JORGE','AGERO','SILVA',TO_DATE('28/07/1983','DD/MM/YYYY'),'jorge75@prodigy.net.mx','ARTESANO',8);  
INSERT INTO CLIENTE(CLIENTE_ID,NOMBRE,APELLIDO_PATERNO,APELLIDO_MATERNO,FECHA_NACIMIENTO,EMAIL,OCUPACION,ENTIDAD_ID) VALUES (76,'MARICELA','PAEZ','MARTINEZ',TO_DATE('03/11/1980','DD/MM/YYYY'),'maricela76@yahoo.com','PINTOR',17);
INSERT INTO CLIENTE(CLIENTE_ID,NOMBRE,APELLIDO_PATERNO,APELLIDO_MATERNO,FECHA_NACIMIENTO,EMAIL,OCUPACION,ENTIDAD_ID) VALUES (77,'ALEJANDRO','BLANCO','SEPULVEDA',TO_DATE('23/12/1973','DD/MM/YYYY'),'alejandro77@gmail.com','MAESTRO',7);  
INSERT INTO CLIENTE(CLIENTE_ID,NOMBRE,APELLIDO_PATERNO,APELLIDO_MATERNO,FECHA_NACIMIENTO,EMAIL,OCUPACION,ENTIDAD_ID) VALUES (78,'MARIO','MENDOZA','RODRIGUEZ',TO_DATE('27/07/1979','DD/MM/YYYY'),'mario78@live.msm.com','PSICOLOGO',25);
INSERT INTO CLIENTE(CLIENTE_ID,NOMBRE,APELLIDO_PATERNO,APELLIDO_MATERNO,FECHA_NACIMIENTO,EMAIL,OCUPACION,ENTIDAD_ID) VALUES (79,'JORGE','BARRIOS','FLORES',TO_DATE('26/09/1982','DD/MM/YYYY'),'jorge79@hotmail.com','ARQUITECTO',15);
INSERT INTO CLIENTE(CLIENTE_ID,NOMBRE,APELLIDO_PATERNO,APELLIDO_MATERNO,FECHA_NACIMIENTO,EMAIL,OCUPACION,ENTIDAD_ID) VALUES (80,'FRANCISCO','ESCOBAR','HERNANDEZ',TO_DATE('11/02/1985','DD/MM/YYYY'),'francisco80@hotmail.com','PINTOR',31);
INSERT INTO CLIENTE(CLIENTE_ID,NOMBRE,APELLIDO_PATERNO,APELLIDO_MATERNO,FECHA_NACIMIENTO,EMAIL,OCUPACION,ENTIDAD_ID) VALUES (81,'ARMANDO','AVILA','SUAREZ ',TO_DATE('04/07/1983','DD/MM/YYYY'),'armando81@gmail.com','MEDICO',17);
INSERT INTO CLIENTE(CLIENTE_ID,NOMBRE,APELLIDO_PATERNO,APELLIDO_MATERNO,FECHA_NACIMIENTO,EMAIL,OCUPACION,ENTIDAD_ID) VALUES (82,'JULIO','SORIA','HERRERA ',TO_DATE('02/12/1980','DD/MM/YYYY'),'julio82@gmail.com','ARQUITECTO',23);
INSERT INTO CLIENTE(CLIENTE_ID,NOMBRE,APELLIDO_PATERNO,APELLIDO_MATERNO,FECHA_NACIMIENTO,EMAIL,OCUPACION,ENTIDAD_ID) VALUES (83,'LUZ','LEIVA','AGUIRRE ',TO_DATE('02/06/1972','DD/MM/YYYY'),'luz83@gmail.com','SOCIOLOGO',24);
INSERT INTO CLIENTE(CLIENTE_ID,NOMBRE,APELLIDO_PATERNO,APELLIDO_MATERNO,FECHA_NACIMIENTO,EMAIL,OCUPACION,ENTIDAD_ID) VALUES (84,'MIRIAM','ACUA','PEREYRA ',TO_DATE('19/06/1976','DD/MM/YYYY'),'miriam84@live.msm.com','ECONOMISTA',24);
INSERT INTO CLIENTE(CLIENTE_ID,NOMBRE,APELLIDO_PATERNO,APELLIDO_MATERNO,FECHA_NACIMIENTO,EMAIL,OCUPACION,ENTIDAD_ID) VALUES (85,'FRANCISCO','MARTIN','GUTIERREZ ',TO_DATE('28/06/1977','DD/MM/YYYY'),'francisco85@webmail.com','ECONOMISTA',12);
INSERT INTO CLIENTE(CLIENTE_ID,NOMBRE,APELLIDO_PATERNO,APELLIDO_MATERNO,FECHA_NACIMIENTO,EMAIL,OCUPACION,ENTIDAD_ID) VALUES (86,'MARICELA','MAIDANA','GIMENEZ ',TO_DATE('17/10/1976','DD/MM/YYYY'),'maricela86@prodigy.net.mx','ARTESANO',20);
INSERT INTO CLIENTE(CLIENTE_ID,NOMBRE,APELLIDO_PATERNO,APELLIDO_MATERNO,FECHA_NACIMIENTO,EMAIL,OCUPACION,ENTIDAD_ID) VALUES (87,'LUZ','MOYANO','MOLINA ',TO_DATE('30/05/1981','DD/MM/YYYY'),'luz87@yahoo.com','ANTROPOLOGO',32);
INSERT INTO CLIENTE(CLIENTE_ID,NOMBRE,APELLIDO_PATERNO,APELLIDO_MATERNO,FECHA_NACIMIENTO,EMAIL,OCUPACION,ENTIDAD_ID) VALUES (88,'LUCIA','CAMPOS','SILVA ',TO_DATE('26/11/1986','DD/MM/YYYY'),'lucia88@live.msm.com','PINTOR',4);  
INSERT INTO CLIENTE(CLIENTE_ID,NOMBRE,APELLIDO_PATERNO,APELLIDO_MATERNO,FECHA_NACIMIENTO,EMAIL,OCUPACION,ENTIDAD_ID) VALUES (89,'MIRIAM','OLIVERA','CASTRO ',TO_DATE('05/05/1982','DD/MM/YYYY'),'miriam89@gmail.com','HISTORIADOR',8);  
INSERT INTO CLIENTE(CLIENTE_ID,NOMBRE,APELLIDO_PATERNO,APELLIDO_MATERNO,FECHA_NACIMIENTO,EMAIL,OCUPACION,ENTIDAD_ID) VALUES (90,'LUCIA','DUARTE','ROJAS ',TO_DATE('24/06/1979','DD/MM/YYYY'),'lucia90@webmail.com','MEDICO',13);
INSERT INTO CLIENTE(CLIENTE_ID,NOMBRE,APELLIDO_PATERNO,APELLIDO_MATERNO,FECHA_NACIMIENTO,EMAIL,OCUPACION,ENTIDAD_ID) VALUES (91,'JORGE','SOTO','ORTIZ ',TO_DATE('30/12/1989','DD/MM/YYYY'),'jorge91@prodigy.net.mx','ESCULTOR',31);
INSERT INTO CLIENTE(CLIENTE_ID,NOMBRE,APELLIDO_PATERNO,APELLIDO_MATERNO,FECHA_NACIMIENTO,EMAIL,OCUPACION,ENTIDAD_ID) VALUES (92,'LUZ','FRANCO','NEZ ',TO_DATE('03/03/1970','DD/MM/YYYY'),'luz92@hotmail.com','SOCIOLOGO',12);
INSERT INTO CLIENTE(CLIENTE_ID,NOMBRE,APELLIDO_PATERNO,APELLIDO_MATERNO,FECHA_NACIMIENTO,EMAIL,OCUPACION,ENTIDAD_ID) VALUES (93,'JORGE','BRAVO','LUNA ',TO_DATE('01/03/1971','DD/MM/YYYY'),'jorge93@yahoo.com','PSICOLOGO',7);  
INSERT INTO CLIENTE(CLIENTE_ID,NOMBRE,APELLIDO_PATERNO,APELLIDO_MATERNO,FECHA_NACIMIENTO,EMAIL,OCUPACION,ENTIDAD_ID) VALUES (94,'ALEJANDRO','VALDEZ','JUAREZ ',TO_DATE('18/12/1971','DD/MM/YYYY'),'alejandro94@webmail.com','ECONOMISTA',31);
INSERT INTO CLIENTE(CLIENTE_ID,NOMBRE,APELLIDO_PATERNO,APELLIDO_MATERNO,FECHA_NACIMIENTO,EMAIL,OCUPACION,ENTIDAD_ID) VALUES (95,'PABLO','TOLEDO','CABRERA ',TO_DATE('17/11/1990','DD/MM/YYYY'),'pablo95@webmail.com','SOCIOLOGO',28);
INSERT INTO CLIENTE(CLIENTE_ID,NOMBRE,APELLIDO_PATERNO,APELLIDO_MATERNO,FECHA_NACIMIENTO,EMAIL,OCUPACION,ENTIDAD_ID) VALUES (96,'DAVID','VELAZQUEZ','RIOS ',TO_DATE('21/08/1970','DD/MM/YYYY'),'david96@hotmail.com','PSICOLOGO',6);  
INSERT INTO CLIENTE(CLIENTE_ID,NOMBRE,APELLIDO_PATERNO,APELLIDO_MATERNO,FECHA_NACIMIENTO,EMAIL,OCUPACION,ENTIDAD_ID) VALUES (97,'ADRIAN','MONTENEGRO','FERREYRA ',TO_DATE('19/06/1991','DD/MM/YYYY'),'adrian97@terra.com.mx','MAESTRO',16);
INSERT INTO CLIENTE(CLIENTE_ID,NOMBRE,APELLIDO_PATERNO,APELLIDO_MATERNO,FECHA_NACIMIENTO,EMAIL,OCUPACION,ENTIDAD_ID) VALUES (98,'LAURA','LEGUIZAMON','GODOY ',TO_DATE('06/09/1987','DD/MM/YYYY'),'laura98@prodigy.net.mx','PSICOLOGO',1);  
INSERT INTO CLIENTE(CLIENTE_ID,NOMBRE,APELLIDO_PATERNO,APELLIDO_MATERNO,FECHA_NACIMIENTO,EMAIL,OCUPACION,ENTIDAD_ID) VALUES (99,'MARTA','CHAVEZ','MORALES ',TO_DATE('29/06/1984','DD/MM/YYYY'),'marta99@prodigy.net.mx','ARQUITECTO',13);
INSERT INTO CLIENTE(CLIENTE_ID,NOMBRE,APELLIDO_PATERNO,APELLIDO_MATERNO,FECHA_NACIMIENTO,EMAIL,OCUPACION,ENTIDAD_ID) VALUES (100,'IRENE','ARCE','LOZANO',TO_DATE('12/07/1985','DD/MM/YYYY'),'irene100@live.msm.com','ESCULTOR',30);

---Tarjetas de los clientes.
INSERT INTO TARJETA_CLIENTE(TARJETA_CLIENTE_ID,NUMERO_TARJETA,MES_VIGENCIA,ANIO_VIGENCIA,TIPO_TARJETA,CLIENTE_ID) VALUES(1,'1523023766045442','03','10','VISA',95);
INSERT INTO TARJETA_CLIENTE(TARJETA_CLIENTE_ID,NUMERO_TARJETA,MES_VIGENCIA,ANIO_VIGENCIA,TIPO_TARJETA,CLIENTE_ID) VALUES(2,'7888368816718800','08','18','MASTER CARD',4);
INSERT INTO TARJETA_CLIENTE(TARJETA_CLIENTE_ID,NUMERO_TARJETA,MES_VIGENCIA,ANIO_VIGENCIA,TIPO_TARJETA,CLIENTE_ID) VALUES(3,'5285841214868063','12','15','MASTER CARD',49);
INSERT INTO TARJETA_CLIENTE(TARJETA_CLIENTE_ID,NUMERO_TARJETA,MES_VIGENCIA,ANIO_VIGENCIA,TIPO_TARJETA,CLIENTE_ID) VALUES(4,'1476174211421658','08','11','VISA',52);
INSERT INTO TARJETA_CLIENTE(TARJETA_CLIENTE_ID,NUMERO_TARJETA,MES_VIGENCIA,ANIO_VIGENCIA,TIPO_TARJETA,CLIENTE_ID) VALUES(5,'1214385502828025','12','09','MASTER CARD',81);
INSERT INTO TARJETA_CLIENTE(TARJETA_CLIENTE_ID,NUMERO_TARJETA,MES_VIGENCIA,ANIO_VIGENCIA,TIPO_TARJETA,CLIENTE_ID) VALUES(6,'4812083633511184','02','16','AMERICAN EXPRESS',10);
INSERT INTO TARJETA_CLIENTE(TARJETA_CLIENTE_ID,NUMERO_TARJETA,MES_VIGENCIA,ANIO_VIGENCIA,TIPO_TARJETA,CLIENTE_ID) VALUES(7,'5418645664601516','08','18','AMERICAN EXPRESS',72);
INSERT INTO TARJETA_CLIENTE(TARJETA_CLIENTE_ID,NUMERO_TARJETA,MES_VIGENCIA,ANIO_VIGENCIA,TIPO_TARJETA,CLIENTE_ID) VALUES(8,'8621410455143781','07','15','MASTER CARD',4);
INSERT INTO TARJETA_CLIENTE(TARJETA_CLIENTE_ID,NUMERO_TARJETA,MES_VIGENCIA,ANIO_VIGENCIA,TIPO_TARJETA,CLIENTE_ID) VALUES(9,'6430733507061663','01','18','AMERICAN EXPRESS',37);
INSERT INTO TARJETA_CLIENTE(TARJETA_CLIENTE_ID,NUMERO_TARJETA,MES_VIGENCIA,ANIO_VIGENCIA,TIPO_TARJETA,CLIENTE_ID) VALUES(10,'0417418257184251','10','15','VISA',35);
INSERT INTO TARJETA_CLIENTE(TARJETA_CLIENTE_ID,NUMERO_TARJETA,MES_VIGENCIA,ANIO_VIGENCIA,TIPO_TARJETA,CLIENTE_ID) VALUES(11,'0727407742651542','09','16','MASTER CARD',55);
INSERT INTO TARJETA_CLIENTE(TARJETA_CLIENTE_ID,NUMERO_TARJETA,MES_VIGENCIA,ANIO_VIGENCIA,TIPO_TARJETA,CLIENTE_ID) VALUES(12,'4783006182834645','04','16','VISA',80);
INSERT INTO TARJETA_CLIENTE(TARJETA_CLIENTE_ID,NUMERO_TARJETA,MES_VIGENCIA,ANIO_VIGENCIA,TIPO_TARJETA,CLIENTE_ID) VALUES(13,'1464537381533826','12','13','AMERICAN EXPRESS',84);
INSERT INTO TARJETA_CLIENTE(TARJETA_CLIENTE_ID,NUMERO_TARJETA,MES_VIGENCIA,ANIO_VIGENCIA,TIPO_TARJETA,CLIENTE_ID) VALUES(14,'4436557676516386','10','11','AMERICAN EXPRESS',16);
INSERT INTO TARJETA_CLIENTE(TARJETA_CLIENTE_ID,NUMERO_TARJETA,MES_VIGENCIA,ANIO_VIGENCIA,TIPO_TARJETA,CLIENTE_ID) VALUES(15,'7628102330566183','01','10','MASTER CARD',21);
INSERT INTO TARJETA_CLIENTE(TARJETA_CLIENTE_ID,NUMERO_TARJETA,MES_VIGENCIA,ANIO_VIGENCIA,TIPO_TARJETA,CLIENTE_ID) VALUES(16,'8814166453254242','03','10','MASTER CARD',3);
INSERT INTO TARJETA_CLIENTE(TARJETA_CLIENTE_ID,NUMERO_TARJETA,MES_VIGENCIA,ANIO_VIGENCIA,TIPO_TARJETA,CLIENTE_ID) VALUES(17,'5673324412656608','02','12','AMERICAN EXPRESS',76);
INSERT INTO TARJETA_CLIENTE(TARJETA_CLIENTE_ID,NUMERO_TARJETA,MES_VIGENCIA,ANIO_VIGENCIA,TIPO_TARJETA,CLIENTE_ID) VALUES(18,'5367052727067615','09','14','MASTER CARD',64);
INSERT INTO TARJETA_CLIENTE(TARJETA_CLIENTE_ID,NUMERO_TARJETA,MES_VIGENCIA,ANIO_VIGENCIA,TIPO_TARJETA,CLIENTE_ID) VALUES(19,'0473830181702443','04','11','VISA',75);
INSERT INTO TARJETA_CLIENTE(TARJETA_CLIENTE_ID,NUMERO_TARJETA,MES_VIGENCIA,ANIO_VIGENCIA,TIPO_TARJETA,CLIENTE_ID) VALUES(20,'0542013108170125','03','18','AMERICAN EXPRESS',10);
INSERT INTO TARJETA_CLIENTE(TARJETA_CLIENTE_ID,NUMERO_TARJETA,MES_VIGENCIA,ANIO_VIGENCIA,TIPO_TARJETA,CLIENTE_ID) VALUES(21,'2628264622135746','07','13','MASTER CARD',38);
INSERT INTO TARJETA_CLIENTE(TARJETA_CLIENTE_ID,NUMERO_TARJETA,MES_VIGENCIA,ANIO_VIGENCIA,TIPO_TARJETA,CLIENTE_ID) VALUES(22,'3120877003180157','10','18','VISA',22);
INSERT INTO TARJETA_CLIENTE(TARJETA_CLIENTE_ID,NUMERO_TARJETA,MES_VIGENCIA,ANIO_VIGENCIA,TIPO_TARJETA,CLIENTE_ID) VALUES(23,'0608484380706246','02','14','MASTER CARD',93);
INSERT INTO TARJETA_CLIENTE(TARJETA_CLIENTE_ID,NUMERO_TARJETA,MES_VIGENCIA,ANIO_VIGENCIA,TIPO_TARJETA,CLIENTE_ID) VALUES(24,'2201672544085162','07','17','VISA',50);
INSERT INTO TARJETA_CLIENTE(TARJETA_CLIENTE_ID,NUMERO_TARJETA,MES_VIGENCIA,ANIO_VIGENCIA,TIPO_TARJETA,CLIENTE_ID) VALUES(25,'5681375824866375','09','14','AMERICAN EXPRESS',56);
INSERT INTO TARJETA_CLIENTE(TARJETA_CLIENTE_ID,NUMERO_TARJETA,MES_VIGENCIA,ANIO_VIGENCIA,TIPO_TARJETA,CLIENTE_ID) VALUES(26,'7222404862042018','04','13','VISA',70);
INSERT INTO TARJETA_CLIENTE(TARJETA_CLIENTE_ID,NUMERO_TARJETA,MES_VIGENCIA,ANIO_VIGENCIA,TIPO_TARJETA,CLIENTE_ID) VALUES(27,'0607628622035514','02','16','AMERICAN EXPRESS',74);
INSERT INTO TARJETA_CLIENTE(TARJETA_CLIENTE_ID,NUMERO_TARJETA,MES_VIGENCIA,ANIO_VIGENCIA,TIPO_TARJETA,CLIENTE_ID) VALUES(28,'5450675730643471','11','18','MASTER CARD',68);
INSERT INTO TARJETA_CLIENTE(TARJETA_CLIENTE_ID,NUMERO_TARJETA,MES_VIGENCIA,ANIO_VIGENCIA,TIPO_TARJETA,CLIENTE_ID) VALUES(29,'4257702851084482','01','14','VISA',11);
INSERT INTO TARJETA_CLIENTE(TARJETA_CLIENTE_ID,NUMERO_TARJETA,MES_VIGENCIA,ANIO_VIGENCIA,TIPO_TARJETA,CLIENTE_ID) VALUES(30,'1338478505587645','02','16','MASTER CARD',73);
INSERT INTO TARJETA_CLIENTE(TARJETA_CLIENTE_ID,NUMERO_TARJETA,MES_VIGENCIA,ANIO_VIGENCIA,TIPO_TARJETA,CLIENTE_ID) VALUES(31,'8714274782082153','11','17','AMERICAN EXPRESS',17);
INSERT INTO TARJETA_CLIENTE(TARJETA_CLIENTE_ID,NUMERO_TARJETA,MES_VIGENCIA,ANIO_VIGENCIA,TIPO_TARJETA,CLIENTE_ID) VALUES(32,'4014471512034510','01','12','AMERICAN EXPRESS',42);
INSERT INTO TARJETA_CLIENTE(TARJETA_CLIENTE_ID,NUMERO_TARJETA,MES_VIGENCIA,ANIO_VIGENCIA,TIPO_TARJETA,CLIENTE_ID) VALUES(33,'3280781433776281','07','12','VISA',85);
INSERT INTO TARJETA_CLIENTE(TARJETA_CLIENTE_ID,NUMERO_TARJETA,MES_VIGENCIA,ANIO_VIGENCIA,TIPO_TARJETA,CLIENTE_ID) VALUES(34,'5533103361442560','02','13','MASTER CARD',62);
INSERT INTO TARJETA_CLIENTE(TARJETA_CLIENTE_ID,NUMERO_TARJETA,MES_VIGENCIA,ANIO_VIGENCIA,TIPO_TARJETA,CLIENTE_ID) VALUES(35,'4726632283871008','09','12','AMERICAN EXPRESS',97);
INSERT INTO TARJETA_CLIENTE(TARJETA_CLIENTE_ID,NUMERO_TARJETA,MES_VIGENCIA,ANIO_VIGENCIA,TIPO_TARJETA,CLIENTE_ID) VALUES(36,'3101265605683888','12','17','AMERICAN EXPRESS',65);
INSERT INTO TARJETA_CLIENTE(TARJETA_CLIENTE_ID,NUMERO_TARJETA,MES_VIGENCIA,ANIO_VIGENCIA,TIPO_TARJETA,CLIENTE_ID) VALUES(37,'5565415841161388','07','09','MASTER CARD',78);
INSERT INTO TARJETA_CLIENTE(TARJETA_CLIENTE_ID,NUMERO_TARJETA,MES_VIGENCIA,ANIO_VIGENCIA,TIPO_TARJETA,CLIENTE_ID) VALUES(38,'3801873367566513','12','11','MASTER CARD',98);
INSERT INTO TARJETA_CLIENTE(TARJETA_CLIENTE_ID,NUMERO_TARJETA,MES_VIGENCIA,ANIO_VIGENCIA,TIPO_TARJETA,CLIENTE_ID) VALUES(39,'3315366124247561','10','16','AMERICAN EXPRESS',33);
INSERT INTO TARJETA_CLIENTE(TARJETA_CLIENTE_ID,NUMERO_TARJETA,MES_VIGENCIA,ANIO_VIGENCIA,TIPO_TARJETA,CLIENTE_ID) VALUES(40,'6852447524525654','05','18','AMERICAN EXPRESS',21);
INSERT INTO TARJETA_CLIENTE(TARJETA_CLIENTE_ID,NUMERO_TARJETA,MES_VIGENCIA,ANIO_VIGENCIA,TIPO_TARJETA,CLIENTE_ID) VALUES(41,'1576317488426424','09','18','MASTER CARD',49);
INSERT INTO TARJETA_CLIENTE(TARJETA_CLIENTE_ID,NUMERO_TARJETA,MES_VIGENCIA,ANIO_VIGENCIA,TIPO_TARJETA,CLIENTE_ID) VALUES(42,'0756658227547800','04','11','AMERICAN EXPRESS',37);
INSERT INTO TARJETA_CLIENTE(TARJETA_CLIENTE_ID,NUMERO_TARJETA,MES_VIGENCIA,ANIO_VIGENCIA,TIPO_TARJETA,CLIENTE_ID) VALUES(43,'8500764724571252','04','17','VISA',39);
INSERT INTO TARJETA_CLIENTE(TARJETA_CLIENTE_ID,NUMERO_TARJETA,MES_VIGENCIA,ANIO_VIGENCIA,TIPO_TARJETA,CLIENTE_ID) VALUES(44,'6688751745415653','07','15','MASTER CARD',16);
INSERT INTO TARJETA_CLIENTE(TARJETA_CLIENTE_ID,NUMERO_TARJETA,MES_VIGENCIA,ANIO_VIGENCIA,TIPO_TARJETA,CLIENTE_ID) VALUES(45,'3063467750881576','03','14','MASTER CARD',89);
INSERT INTO TARJETA_CLIENTE(TARJETA_CLIENTE_ID,NUMERO_TARJETA,MES_VIGENCIA,ANIO_VIGENCIA,TIPO_TARJETA,CLIENTE_ID) VALUES(46,'6344777140631183','04','15','AMERICAN EXPRESS',71);
INSERT INTO TARJETA_CLIENTE(TARJETA_CLIENTE_ID,NUMERO_TARJETA,MES_VIGENCIA,ANIO_VIGENCIA,TIPO_TARJETA,CLIENTE_ID) VALUES(47,'2831647603823651','12','11','AMERICAN EXPRESS',2);
INSERT INTO TARJETA_CLIENTE(TARJETA_CLIENTE_ID,NUMERO_TARJETA,MES_VIGENCIA,ANIO_VIGENCIA,TIPO_TARJETA,CLIENTE_ID) VALUES(48,'4416541155177776','02','16','MASTER CARD',35);
INSERT INTO TARJETA_CLIENTE(TARJETA_CLIENTE_ID,NUMERO_TARJETA,MES_VIGENCIA,ANIO_VIGENCIA,TIPO_TARJETA,CLIENTE_ID) VALUES(49,'3224287282887507','02','14','MASTER CARD',79);
INSERT INTO TARJETA_CLIENTE(TARJETA_CLIENTE_ID,NUMERO_TARJETA,MES_VIGENCIA,ANIO_VIGENCIA,TIPO_TARJETA,CLIENTE_ID) VALUES(50,'0504587478752466','04','09','AMERICAN EXPRESS',20);
INSERT INTO TARJETA_CLIENTE(TARJETA_CLIENTE_ID,NUMERO_TARJETA,MES_VIGENCIA,ANIO_VIGENCIA,TIPO_TARJETA,CLIENTE_ID) VALUES(51,'6367475070555306','06','09','MASTER CARD',31);
INSERT INTO TARJETA_CLIENTE(TARJETA_CLIENTE_ID,NUMERO_TARJETA,MES_VIGENCIA,ANIO_VIGENCIA,TIPO_TARJETA,CLIENTE_ID) VALUES(52,'0335150101272162','05','11','VISA',26);
INSERT INTO TARJETA_CLIENTE(TARJETA_CLIENTE_ID,NUMERO_TARJETA,MES_VIGENCIA,ANIO_VIGENCIA,TIPO_TARJETA,CLIENTE_ID) VALUES(53,'1613072156480526','11','17','AMERICAN EXPRESS',23);
INSERT INTO TARJETA_CLIENTE(TARJETA_CLIENTE_ID,NUMERO_TARJETA,MES_VIGENCIA,ANIO_VIGENCIA,TIPO_TARJETA,CLIENTE_ID) VALUES(54,'5376164872107787','03','12','VISA',96);
INSERT INTO TARJETA_CLIENTE(TARJETA_CLIENTE_ID,NUMERO_TARJETA,MES_VIGENCIA,ANIO_VIGENCIA,TIPO_TARJETA,CLIENTE_ID) VALUES(55,'5076525484744741','01','17','AMERICAN EXPRESS',43);
INSERT INTO TARJETA_CLIENTE(TARJETA_CLIENTE_ID,NUMERO_TARJETA,MES_VIGENCIA,ANIO_VIGENCIA,TIPO_TARJETA,CLIENTE_ID) VALUES(56,'3010382685631874','04','13','MASTER CARD',13);
INSERT INTO TARJETA_CLIENTE(TARJETA_CLIENTE_ID,NUMERO_TARJETA,MES_VIGENCIA,ANIO_VIGENCIA,TIPO_TARJETA,CLIENTE_ID) VALUES(57,'6168717616384852','06','12','AMERICAN EXPRESS',61);
INSERT INTO TARJETA_CLIENTE(TARJETA_CLIENTE_ID,NUMERO_TARJETA,MES_VIGENCIA,ANIO_VIGENCIA,TIPO_TARJETA,CLIENTE_ID) VALUES(58,'5303508161724364','08','13','VISA',48);
INSERT INTO TARJETA_CLIENTE(TARJETA_CLIENTE_ID,NUMERO_TARJETA,MES_VIGENCIA,ANIO_VIGENCIA,TIPO_TARJETA,CLIENTE_ID) VALUES(59,'6272663140436174','04','17','VISA',92);
INSERT INTO TARJETA_CLIENTE(TARJETA_CLIENTE_ID,NUMERO_TARJETA,MES_VIGENCIA,ANIO_VIGENCIA,TIPO_TARJETA,CLIENTE_ID) VALUES(60,'8668263213042430','02','12','MASTER CARD',74);
INSERT INTO TARJETA_CLIENTE(TARJETA_CLIENTE_ID,NUMERO_TARJETA,MES_VIGENCIA,ANIO_VIGENCIA,TIPO_TARJETA,CLIENTE_ID) VALUES(61,'2365088641327521','02','09','VISA',28);
INSERT INTO TARJETA_CLIENTE(TARJETA_CLIENTE_ID,NUMERO_TARJETA,MES_VIGENCIA,ANIO_VIGENCIA,TIPO_TARJETA,CLIENTE_ID) VALUES(62,'6406321238706111','03','13','VISA',55);
INSERT INTO TARJETA_CLIENTE(TARJETA_CLIENTE_ID,NUMERO_TARJETA,MES_VIGENCIA,ANIO_VIGENCIA,TIPO_TARJETA,CLIENTE_ID) VALUES(63,'2454277772701500','05','10','VISA',19);
INSERT INTO TARJETA_CLIENTE(TARJETA_CLIENTE_ID,NUMERO_TARJETA,MES_VIGENCIA,ANIO_VIGENCIA,TIPO_TARJETA,CLIENTE_ID) VALUES(64,'3441365171854058','02','12','VISA',93);
INSERT INTO TARJETA_CLIENTE(TARJETA_CLIENTE_ID,NUMERO_TARJETA,MES_VIGENCIA,ANIO_VIGENCIA,TIPO_TARJETA,CLIENTE_ID) VALUES(65,'2445176688062275','09','11','MASTER CARD',40);
INSERT INTO TARJETA_CLIENTE(TARJETA_CLIENTE_ID,NUMERO_TARJETA,MES_VIGENCIA,ANIO_VIGENCIA,TIPO_TARJETA,CLIENTE_ID) VALUES(66,'4537481860444336','12','12','AMERICAN EXPRESS',13);
INSERT INTO TARJETA_CLIENTE(TARJETA_CLIENTE_ID,NUMERO_TARJETA,MES_VIGENCIA,ANIO_VIGENCIA,TIPO_TARJETA,CLIENTE_ID) VALUES(67,'2867511327456437','07','09','MASTER CARD',7);
INSERT INTO TARJETA_CLIENTE(TARJETA_CLIENTE_ID,NUMERO_TARJETA,MES_VIGENCIA,ANIO_VIGENCIA,TIPO_TARJETA,CLIENTE_ID) VALUES(68,'1517325384882655','11','18','VISA',32);
INSERT INTO TARJETA_CLIENTE(TARJETA_CLIENTE_ID,NUMERO_TARJETA,MES_VIGENCIA,ANIO_VIGENCIA,TIPO_TARJETA,CLIENTE_ID) VALUES(69,'6130760726575183','08','16','AMERICAN EXPRESS',19);
INSERT INTO TARJETA_CLIENTE(TARJETA_CLIENTE_ID,NUMERO_TARJETA,MES_VIGENCIA,ANIO_VIGENCIA,TIPO_TARJETA,CLIENTE_ID) VALUES(70,'1485720017183652','11','12','VISA',80);

--- Datos de las subastas
INSERT  INTO SUBASTA(SUBASTA_ID,NOMBRE,FECHA_INICIO,FECHA_FIN,LUGAR,CUPO) VALUES(1,'SALUD-GUADALAJARA',TO_DATE('08/10/2009','DD/MM/YYYY'),TO_DATE('14/10/2009','DD/MM/YYYY'),'GUADALAJARA',292);
INSERT  INTO SUBASTA(SUBASTA_ID,NOMBRE,FECHA_INICIO,FECHA_FIN,LUGAR,CUPO) VALUES(2,'SALUD-PUERTO DE VERACRUZ',TO_DATE('15/10/2009','DD/MM/YYYY'),TO_DATE('21/10/2009','DD/MM/YYYY'),'PUERTO DE VERACRUZ',58);
INSERT  INTO SUBASTA(SUBASTA_ID,NOMBRE,FECHA_INICIO,FECHA_FIN,LUGAR,CUPO) VALUES(3,'CARNAVAL-ACAPULCO',TO_DATE('22/10/2009','DD/MM/YYYY'),TO_DATE('28/10/2009','DD/MM/YYYY'),'ACAPULCO',258);
INSERT  INTO SUBASTA(SUBASTA_ID,NOMBRE,FECHA_INICIO,FECHA_FIN,LUGAR,CUPO) VALUES(4,'PROMO-CUERNAVACA',TO_DATE('29/10/2009','DD/MM/YYYY'),TO_DATE('04/11/2009','DD/MM/YYYY'),'CUERNAVACA',75);
INSERT  INTO SUBASTA(SUBASTA_ID,NOMBRE,FECHA_INICIO,FECHA_FIN,LUGAR,CUPO) VALUES(5,'PROMO-GUANAJUATO',TO_DATE('05/11/2009','DD/MM/YYYY'),TO_DATE('11/11/2009','DD/MM/YYYY'),'GUANAJUATO',111);
INSERT  INTO SUBASTA(SUBASTA_ID,NOMBRE,FECHA_INICIO,FECHA_FIN,LUGAR,CUPO) VALUES(6,'ALTRUISTA-PUERTO VALLARTA',TO_DATE('12/11/2009','DD/MM/YYYY'),TO_DATE('18/11/2009','DD/MM/YYYY'),'PUERTO VALLARTA',246);
INSERT  INTO SUBASTA(SUBASTA_ID,NOMBRE,FECHA_INICIO,FECHA_FIN,LUGAR,CUPO) VALUES(7,'SALUD-ACAPULCO',TO_DATE('19/11/2009','DD/MM/YYYY'),TO_DATE('25/11/2009','DD/MM/YYYY'),'ACAPULCO',283);
INSERT  INTO SUBASTA(SUBASTA_ID,NOMBRE,FECHA_INICIO,FECHA_FIN,LUGAR,CUPO) VALUES(8,'GALA-VILLA HERMOSA',TO_DATE('26/11/2009','DD/MM/YYYY'),TO_DATE('02/12/2009','DD/MM/YYYY'),'VILLA HERMOSA',132);
INSERT  INTO SUBASTA(SUBASTA_ID,NOMBRE,FECHA_INICIO,FECHA_FIN,LUGAR,CUPO) VALUES(9,'GALA-MAZATLAN',TO_DATE('03/12/2009','DD/MM/YYYY'),TO_DATE('09/12/2009','DD/MM/YYYY'),'MAZATLAN',217);
INSERT  INTO SUBASTA(SUBASTA_ID,NOMBRE,FECHA_INICIO,FECHA_FIN,LUGAR,CUPO) VALUES(10,'SALUD-SAN CRISTOBAL DE LAS CASAS',TO_DATE('10/12/2009','DD/MM/YYYY'),TO_DATE('16/12/2009','DD/MM/YYYY'),'SAN CRISTOBAL DE LAS CASAS',253);
INSERT  INTO SUBASTA(SUBASTA_ID,NOMBRE,FECHA_INICIO,FECHA_FIN,LUGAR,CUPO) VALUES(11,'PROMO-MORELIA',TO_DATE('17/12/2009','DD/MM/YYYY'),TO_DATE('23/12/2009','DD/MM/YYYY'),'MORELIA',187);
INSERT  INTO SUBASTA(SUBASTA_ID,NOMBRE,FECHA_INICIO,FECHA_FIN,LUGAR,CUPO) VALUES(12,'GALA-CIUDAD DE MEXICO',TO_DATE('24/12/2009','DD/MM/YYYY'),TO_DATE('30/12/2009','DD/MM/YYYY'),'CIUDAD DE MEXICO',51);
INSERT  INTO SUBASTA(SUBASTA_ID,NOMBRE,FECHA_INICIO,FECHA_FIN,LUGAR,CUPO) VALUES(13,'ALTRUISTA-GUADALAJARA',TO_DATE('31/12/2009','DD/MM/YYYY'),TO_DATE('06/01/2010','DD/MM/YYYY'),'GUADALAJARA',215);
INSERT  INTO SUBASTA(SUBASTA_ID,NOMBRE,FECHA_INICIO,FECHA_FIN,LUGAR,CUPO) VALUES(14,'CARNAVAL-CUERNAVACA',TO_DATE('07/01/2010','DD/MM/YYYY'),TO_DATE('13/01/2010','DD/MM/YYYY'),'CUERNAVACA',233);
INSERT  INTO SUBASTA(SUBASTA_ID,NOMBRE,FECHA_INICIO,FECHA_FIN,LUGAR,CUPO) VALUES(15,'EXPO-ACAPULCO',TO_DATE('14/01/2010','DD/MM/YYYY'),TO_DATE('20/01/2010','DD/MM/YYYY'),'ACAPULCO',176);
INSERT  INTO SUBASTA(SUBASTA_ID,NOMBRE,FECHA_INICIO,FECHA_FIN,LUGAR,CUPO) VALUES(16,'GALA-MERIDA',TO_DATE('21/01/2010','DD/MM/YYYY'),TO_DATE('27/01/2010','DD/MM/YYYY'),'MERIDA',50);
INSERT  INTO SUBASTA(SUBASTA_ID,NOMBRE,FECHA_INICIO,FECHA_FIN,LUGAR,CUPO) VALUES(17,'CARNAVAL-PUERTO DE VERACRUZ',TO_DATE('28/01/2010','DD/MM/YYYY'),TO_DATE('03/02/2010','DD/MM/YYYY'),'PUERTO DE VERACRUZ',175);
INSERT  INTO SUBASTA(SUBASTA_ID,NOMBRE,FECHA_INICIO,FECHA_FIN,LUGAR,CUPO) VALUES(18,'GALA-VILLA HERMOSA',TO_DATE('04/02/2010','DD/MM/YYYY'),TO_DATE('10/02/2010','DD/MM/YYYY'),'VILLA HERMOSA',271);
INSERT  INTO SUBASTA(SUBASTA_ID,NOMBRE,FECHA_INICIO,FECHA_FIN,LUGAR,CUPO) VALUES(19,'GALA-CUERNAVACA',TO_DATE('11/02/2010','DD/MM/YYYY'),TO_DATE('17/02/2010','DD/MM/YYYY'),'CUERNAVACA',89);
INSERT  INTO SUBASTA(SUBASTA_ID,NOMBRE,FECHA_INICIO,FECHA_FIN,LUGAR,CUPO) VALUES(20,'EXPO-MAZATLAN',TO_DATE('18/02/2010','DD/MM/YYYY'),TO_DATE('24/02/2010','DD/MM/YYYY'),'MAZATLAN',134);
INSERT  INTO SUBASTA(SUBASTA_ID,NOMBRE,FECHA_INICIO,FECHA_FIN,LUGAR,CUPO) VALUES(21,'GALA-MONTERREY',TO_DATE('25/02/2010','DD/MM/YYYY'),TO_DATE('03/03/2010','DD/MM/YYYY'),'MONTERREY',140);
INSERT  INTO SUBASTA(SUBASTA_ID,NOMBRE,FECHA_INICIO,FECHA_FIN,LUGAR,CUPO) VALUES(22,'GALA-OAXACA DE JUAREZ',TO_DATE('04/03/2010','DD/MM/YYYY'),TO_DATE('10/03/2010','DD/MM/YYYY'),'OAXACA DE JUAREZ',100);
INSERT  INTO SUBASTA(SUBASTA_ID,NOMBRE,FECHA_INICIO,FECHA_FIN,LUGAR,CUPO) VALUES(23,'CARNAVAL-SAN MIGUEL DE ALLENDE',TO_DATE('11/03/2010','DD/MM/YYYY'),TO_DATE('17/03/2010','DD/MM/YYYY'),'SAN MIGUEL DE ALLENDE',147);
INSERT  INTO SUBASTA(SUBASTA_ID,NOMBRE,FECHA_INICIO,FECHA_FIN,LUGAR,CUPO) VALUES(24,'PROMO-CIUDAD DE MEXICO',TO_DATE('18/03/2010','DD/MM/YYYY'),TO_DATE('24/03/2010','DD/MM/YYYY'),'CIUDAD DE MEXICO',168);
INSERT  INTO SUBASTA(SUBASTA_ID,NOMBRE,FECHA_INICIO,FECHA_FIN,LUGAR,CUPO) VALUES(25,'FESTIVAL-HEROICA PUEBLA DE ZARAGOZA',TO_DATE('25/03/2010','DD/MM/YYYY'),TO_DATE('31/03/2010','DD/MM/YYYY'),'HEROICA PUEBLA DE ZARAGOZA',100);
INSERT  INTO SUBASTA(SUBASTA_ID,NOMBRE,FECHA_INICIO,FECHA_FIN,LUGAR,CUPO) VALUES(26,'FESTIVAL-MERIDA',TO_DATE('01/04/2010','DD/MM/YYYY'),TO_DATE('07/04/2010','DD/MM/YYYY'),'MERIDA',185);
INSERT  INTO SUBASTA(SUBASTA_ID,NOMBRE,FECHA_INICIO,FECHA_FIN,LUGAR,CUPO) VALUES(27,'EXPO-PUERTO DE VERACRUZ',TO_DATE('08/04/2010','DD/MM/YYYY'),TO_DATE('14/04/2010','DD/MM/YYYY'),'PUERTO DE VERACRUZ',63);
INSERT  INTO SUBASTA(SUBASTA_ID,NOMBRE,FECHA_INICIO,FECHA_FIN,LUGAR,CUPO) VALUES(28,'GALA-SANTIAGO DE QUERETARO',TO_DATE('15/04/2010','DD/MM/YYYY'),TO_DATE('21/04/2010','DD/MM/YYYY'),'SANTIAGO DE QUERETARO',278);
INSERT  INTO SUBASTA(SUBASTA_ID,NOMBRE,FECHA_INICIO,FECHA_FIN,LUGAR,CUPO) VALUES(29,'CARNAVAL-MERIDA',TO_DATE('22/04/2010','DD/MM/YYYY'),TO_DATE('28/04/2010','DD/MM/YYYY'),'MERIDA',295);
INSERT  INTO SUBASTA(SUBASTA_ID,NOMBRE,FECHA_INICIO,FECHA_FIN,LUGAR,CUPO) VALUES(30,'EXPO-MAZATLAN',TO_DATE('29/04/2010','DD/MM/YYYY'),TO_DATE('05/05/2010','DD/MM/YYYY'),'MAZATLAN',173);
INSERT  INTO SUBASTA(SUBASTA_ID,NOMBRE,FECHA_INICIO,FECHA_FIN,LUGAR,CUPO) VALUES(31,'ALTRUISTA-OAXACA DE JUAREZ',TO_DATE('06/05/2010','DD/MM/YYYY'),TO_DATE('12/05/2010','DD/MM/YYYY'),'OAXACA DE JUAREZ',88);
INSERT  INTO SUBASTA(SUBASTA_ID,NOMBRE,FECHA_INICIO,FECHA_FIN,LUGAR,CUPO) VALUES(32,'PROMO-CABO SAN LUCAS',TO_DATE('13/05/2010','DD/MM/YYYY'),TO_DATE('19/05/2010','DD/MM/YYYY'),'CABO SAN LUCAS',110);
INSERT  INTO SUBASTA(SUBASTA_ID,NOMBRE,FECHA_INICIO,FECHA_FIN,LUGAR,CUPO) VALUES(33,'GALA-CUERNAVACA',TO_DATE('20/05/2010','DD/MM/YYYY'),TO_DATE('26/05/2010','DD/MM/YYYY'),'CUERNAVACA',254);
INSERT  INTO SUBASTA(SUBASTA_ID,NOMBRE,FECHA_INICIO,FECHA_FIN,LUGAR,CUPO) VALUES(34,'ALTRUISTA-ACAPULCO',TO_DATE('27/05/2010','DD/MM/YYYY'),TO_DATE('02/06/2010','DD/MM/YYYY'),'ACAPULCO',238);
INSERT  INTO SUBASTA(SUBASTA_ID,NOMBRE,FECHA_INICIO,FECHA_FIN,LUGAR,CUPO) VALUES(35,'SALUD-CUERNAVACA',TO_DATE('03/06/2010','DD/MM/YYYY'),TO_DATE('09/06/2010','DD/MM/YYYY'),'CUERNAVACA',265);
INSERT  INTO SUBASTA(SUBASTA_ID,NOMBRE,FECHA_INICIO,FECHA_FIN,LUGAR,CUPO) VALUES(36,'EXPO-GUADALAJARA',TO_DATE('10/06/2010','DD/MM/YYYY'),TO_DATE('16/06/2010','DD/MM/YYYY'),'GUADALAJARA',186);
INSERT  INTO SUBASTA(SUBASTA_ID,NOMBRE,FECHA_INICIO,FECHA_FIN,LUGAR,CUPO) VALUES(37,'CARNAVAL-PUERTO VALLARTA',TO_DATE('17/06/2010','DD/MM/YYYY'),TO_DATE('23/06/2010','DD/MM/YYYY'),'PUERTO VALLARTA',148);
INSERT  INTO SUBASTA(SUBASTA_ID,NOMBRE,FECHA_INICIO,FECHA_FIN,LUGAR,CUPO) VALUES(38,'EXPO-SAN MIGUEL DE ALLENDE',TO_DATE('24/06/2010','DD/MM/YYYY'),TO_DATE('30/06/2010','DD/MM/YYYY'),'SAN MIGUEL DE ALLENDE',235);
INSERT  INTO SUBASTA(SUBASTA_ID,NOMBRE,FECHA_INICIO,FECHA_FIN,LUGAR,CUPO) VALUES(39,'PROMO-SAN MIGUEL DE ALLENDE',TO_DATE('01/07/2010','DD/MM/YYYY'),TO_DATE('07/07/2010','DD/MM/YYYY'),'SAN MIGUEL DE ALLENDE',187);
INSERT  INTO SUBASTA(SUBASTA_ID,NOMBRE,FECHA_INICIO,FECHA_FIN,LUGAR,CUPO) VALUES(40,'CARNAVAL-SAN MIGUEL DE ALLENDE',TO_DATE('08/07/2010','DD/MM/YYYY'),TO_DATE('14/07/2010','DD/MM/YYYY'),'SAN MIGUEL DE ALLENDE',123);
INSERT  INTO SUBASTA(SUBASTA_ID,NOMBRE,FECHA_INICIO,FECHA_FIN,LUGAR,CUPO) VALUES(41,'FESTIVAL-CABO SAN LUCAS',TO_DATE('15/07/2010','DD/MM/YYYY'),TO_DATE('21/07/2010','DD/MM/YYYY'),'CABO SAN LUCAS',300);
INSERT  INTO SUBASTA(SUBASTA_ID,NOMBRE,FECHA_INICIO,FECHA_FIN,LUGAR,CUPO) VALUES(42,'CARNAVAL-MERIDA',TO_DATE('22/07/2010','DD/MM/YYYY'),TO_DATE('28/07/2010','DD/MM/YYYY'),'MERIDA',238);
INSERT  INTO SUBASTA(SUBASTA_ID,NOMBRE,FECHA_INICIO,FECHA_FIN,LUGAR,CUPO) VALUES(43,'GALA-ACAPULCO',TO_DATE('29/07/2010','DD/MM/YYYY'),TO_DATE('04/08/2010','DD/MM/YYYY'),'ACAPULCO',198);
INSERT  INTO SUBASTA(SUBASTA_ID,NOMBRE,FECHA_INICIO,FECHA_FIN,LUGAR,CUPO) VALUES(44,'EXPO-ACAPULCO',TO_DATE('05/08/2010','DD/MM/YYYY'),TO_DATE('11/08/2010','DD/MM/YYYY'),'ACAPULCO',135);
INSERT  INTO SUBASTA(SUBASTA_ID,NOMBRE,FECHA_INICIO,FECHA_FIN,LUGAR,CUPO) VALUES(45,'ALTRUISTA-PUERTO DE VERACRUZ',TO_DATE('12/08/2010','DD/MM/YYYY'),TO_DATE('18/08/2010','DD/MM/YYYY'),'PUERTO DE VERACRUZ',89);
INSERT  INTO SUBASTA(SUBASTA_ID,NOMBRE,FECHA_INICIO,FECHA_FIN,LUGAR,CUPO) VALUES(46,'FESTIVAL-CIUDAD DE MEXICO',TO_DATE('19/08/2010','DD/MM/YYYY'),TO_DATE('25/08/2010','DD/MM/YYYY'),'CIUDAD DE MEXICO',135);
INSERT  INTO SUBASTA(SUBASTA_ID,NOMBRE,FECHA_INICIO,FECHA_FIN,LUGAR,CUPO) VALUES(47,'GALA-CABO SAN LUCAS',TO_DATE('26/08/2010','DD/MM/YYYY'),TO_DATE('01/09/2010','DD/MM/YYYY'),'CABO SAN LUCAS',263);
INSERT  INTO SUBASTA(SUBASTA_ID,NOMBRE,FECHA_INICIO,FECHA_FIN,LUGAR,CUPO) VALUES(48,'GALA-ACAPULCO',TO_DATE('02/09/2010','DD/MM/YYYY'),TO_DATE('08/09/2010','DD/MM/YYYY'),'ACAPULCO',92);
INSERT  INTO SUBASTA(SUBASTA_ID,NOMBRE,FECHA_INICIO,FECHA_FIN,LUGAR,CUPO) VALUES(49,'GALA-ACAPULCO',TO_DATE('09/09/2010','DD/MM/YYYY'),TO_DATE('15/09/2010','DD/MM/YYYY'),'ACAPULCO',114);
INSERT  INTO SUBASTA(SUBASTA_ID,NOMBRE,FECHA_INICIO,FECHA_FIN,LUGAR,CUPO) VALUES(50,'PROMO-PUERTO DE VERACRUZ',TO_DATE('16/09/2010','DD/MM/YYYY'),TO_DATE('22/09/2010','DD/MM/YYYY'),'PUERTO DE VERACRUZ',182);
INSERT  INTO SUBASTA(SUBASTA_ID,NOMBRE,FECHA_INICIO,FECHA_FIN,LUGAR,CUPO) VALUES(51,'CARNAVAL-CIUDAD DE MEXICO',TO_DATE('23/09/2010','DD/MM/YYYY'),TO_DATE('29/09/2010','DD/MM/YYYY'),'CIUDAD DE MEXICO',126);
INSERT  INTO SUBASTA(SUBASTA_ID,NOMBRE,FECHA_INICIO,FECHA_FIN,LUGAR,CUPO) VALUES(52,'GALA-MONTERREY',TO_DATE('30/09/2010','DD/MM/YYYY'),TO_DATE('06/10/2010','DD/MM/YYYY'),'MONTERREY',231);
INSERT  INTO SUBASTA(SUBASTA_ID,NOMBRE,FECHA_INICIO,FECHA_FIN,LUGAR,CUPO) VALUES(53,'FESTIVAL-MONTERREY',TO_DATE('07/10/2010','DD/MM/YYYY'),TO_DATE('13/10/2010','DD/MM/YYYY'),'MONTERREY',64);
INSERT  INTO SUBASTA(SUBASTA_ID,NOMBRE,FECHA_INICIO,FECHA_FIN,LUGAR,CUPO) VALUES(54,'ALTRUISTA-MORELIA',TO_DATE('14/10/2010','DD/MM/YYYY'),TO_DATE('20/10/2010','DD/MM/YYYY'),'MORELIA',108);
INSERT  INTO SUBASTA(SUBASTA_ID,NOMBRE,FECHA_INICIO,FECHA_FIN,LUGAR,CUPO) VALUES(55,'PROMO-MONTERREY',TO_DATE('21/10/2010','DD/MM/YYYY'),TO_DATE('27/10/2010','DD/MM/YYYY'),'MONTERREY',125);
INSERT  INTO SUBASTA(SUBASTA_ID,NOMBRE,FECHA_INICIO,FECHA_FIN,LUGAR,CUPO) VALUES(56,'PROMO-CIUDAD DE MEXICO',TO_DATE('28/10/2010','DD/MM/YYYY'),TO_DATE('03/11/2010','DD/MM/YYYY'),'CIUDAD DE MEXICO',203);
INSERT  INTO SUBASTA(SUBASTA_ID,NOMBRE,FECHA_INICIO,FECHA_FIN,LUGAR,CUPO) VALUES(57,'FESTIVAL-MORELIA',TO_DATE('04/11/2010','DD/MM/YYYY'),TO_DATE('10/11/2010','DD/MM/YYYY'),'MORELIA',300);
INSERT  INTO SUBASTA(SUBASTA_ID,NOMBRE,FECHA_INICIO,FECHA_FIN,LUGAR,CUPO) VALUES(58,'PROMO-ACAPULCO',TO_DATE('11/11/2010','DD/MM/YYYY'),TO_DATE('17/11/2010','DD/MM/YYYY'),'ACAPULCO',112);
INSERT  INTO SUBASTA(SUBASTA_ID,NOMBRE,FECHA_INICIO,FECHA_FIN,LUGAR,CUPO) VALUES(59,'GALA-CABO SAN LUCAS',TO_DATE('18/11/2010','DD/MM/YYYY'),TO_DATE('24/11/2010','DD/MM/YYYY'),'CABO SAN LUCAS',116);
INSERT  INTO SUBASTA(SUBASTA_ID,NOMBRE,FECHA_INICIO,FECHA_FIN,LUGAR,CUPO) VALUES(60,'SALUD-HEROICA PUEBLA DE ZARAGOZA',TO_DATE('25/11/2010','DD/MM/YYYY'),TO_DATE('01/12/2010','DD/MM/YYYY'),'HEROICA PUEBLA DE ZARAGOZA',130);

--datos de los articulos
INSERT INTO ARTICULO(ARTICULO_ID,NOMBRE,CLAVE_ARTICULO,PRECIO_INICIAL,STATUS_ARTICULO_ID,FECHA_STATUS,TIPO_ARTICULO,SUBASTA_ID) VALUES(1,'Reloj de vaquera Isabelino con incrustaciones ncar ','A1900DC000001',345353.09,2,SYSDATE,'A',13);
INSERT INTO ARTICULO(ARTICULO_ID,NOMBRE,CLAVE_ARTICULO,PRECIO_INICIAL,STATUS_ARTICULO_ID,FECHA_STATUS,TIPO_ARTICULO,SUBASTA_ID) VALUES(2,'Reloj de vaquera ','A1944DC000002',408657.16,2,SYSDATE,'A',56);
INSERT INTO ARTICULO(ARTICULO_ID,NOMBRE,CLAVE_ARTICULO,PRECIO_INICIAL,STATUS_ARTICULO_ID,FECHA_STATUS,TIPO_ARTICULO,SUBASTA_ID) VALUES(3,'Reloj de pared (falta repasar por relojero) ','A1907DC000003',394516.41,2,SYSDATE,'A',38);
INSERT INTO ARTICULO(ARTICULO_ID,NOMBRE,CLAVE_ARTICULO,PRECIO_INICIAL,STATUS_ARTICULO_ID,FECHA_STATUS,TIPO_ARTICULO,SUBASTA_ID) VALUES(4,'Reloj de vaquera. OCASIN. (falta repasar por relojero) ','A1804DC000004',91417.04,3,SYSDATE,'A',57);
INSERT INTO ARTICULO(ARTICULO_ID,NOMBRE,CLAVE_ARTICULO,PRECIO_INICIAL,STATUS_ARTICULO_ID,FECHA_STATUS,TIPO_ARTICULO,SUBASTA_ID) VALUES(5,'Espejo ingls, poca Eduardiana ','A1839DC000005',300764.66,4,SYSDATE,'A',41);
INSERT INTO ARTICULO(ARTICULO_ID,NOMBRE,CLAVE_ARTICULO,PRECIO_INICIAL,STATUS_ARTICULO_ID,FECHA_STATUS,TIPO_ARTICULO,SUBASTA_ID) VALUES(6,'Espejo Imperio, finales s.XIX ','A1836DC000006',203858.33,2,SYSDATE,'A',51);
INSERT INTO ARTICULO(ARTICULO_ID,NOMBRE,CLAVE_ARTICULO,PRECIO_INICIAL,STATUS_ARTICULO_ID,FECHA_STATUS,TIPO_ARTICULO,SUBASTA_ID) VALUES(7,'Espejo con visel, poca Eduardiana ','A1818DC000007',102855.39,2,SYSDATE,'A',46);
INSERT INTO ARTICULO(ARTICULO_ID,NOMBRE,CLAVE_ARTICULO,PRECIO_INICIAL,STATUS_ARTICULO_ID,FECHA_STATUS,TIPO_ARTICULO,SUBASTA_ID) VALUES(8,'Espejo de roble ','A1948DC000008',993598.06,1,SYSDATE,'A',3);
INSERT INTO ARTICULO(ARTICULO_ID,NOMBRE,CLAVE_ARTICULO,PRECIO_INICIAL,STATUS_ARTICULO_ID,FECHA_STATUS,TIPO_ARTICULO,SUBASTA_ID) VALUES(9,'Espejo dorado grande ','A1835DC000009',129075.8,1,SYSDATE,'A',8);
INSERT INTO ARTICULO(ARTICULO_ID,NOMBRE,CLAVE_ARTICULO,PRECIO_INICIAL,STATUS_ARTICULO_ID,FECHA_STATUS,TIPO_ARTICULO,SUBASTA_ID) VALUES(10,'Espejo con precioso marco decorado, mitad s.XIX ','A1922DC000010',734962,2,SYSDATE,'A',60);
INSERT INTO ARTICULO(ARTICULO_ID,NOMBRE,CLAVE_ARTICULO,PRECIO_INICIAL,STATUS_ARTICULO_ID,FECHA_STATUS,TIPO_ARTICULO,SUBASTA_ID) VALUES(11,'Espejo dorado ','A1910DC000011',980025.44,3,SYSDATE,'A',38);
INSERT INTO ARTICULO(ARTICULO_ID,NOMBRE,CLAVE_ARTICULO,PRECIO_INICIAL,STATUS_ARTICULO_ID,FECHA_STATUS,TIPO_ARTICULO,SUBASTA_ID) VALUES(12,'Espejo ovalado con marquetera ','A1810DC000012',631930.56,2,SYSDATE,'A',31);
INSERT INTO ARTICULO(ARTICULO_ID,NOMBRE,CLAVE_ARTICULO,PRECIO_INICIAL,STATUS_ARTICULO_ID,FECHA_STATUS,TIPO_ARTICULO,SUBASTA_ID) VALUES(13,'Espejos ','A1876DC000013',525048.94,4,SYSDATE,'A',15);
INSERT INTO ARTICULO(ARTICULO_ID,NOMBRE,CLAVE_ARTICULO,PRECIO_INICIAL,STATUS_ARTICULO_ID,FECHA_STATUS,TIPO_ARTICULO,SUBASTA_ID) VALUES(14,'Espejo de roble, poca Isabelina ','A1909DC000014',191965.16,2,SYSDATE,'A',24);
INSERT INTO ARTICULO(ARTICULO_ID,NOMBRE,CLAVE_ARTICULO,PRECIO_INICIAL,STATUS_ARTICULO_ID,FECHA_STATUS,TIPO_ARTICULO,SUBASTA_ID) VALUES(15,'Espejo con marco de raz de nogal ','A1884DC000015',640601.62,2,SYSDATE,'A',25);
INSERT INTO ARTICULO(ARTICULO_ID,NOMBRE,CLAVE_ARTICULO,PRECIO_INICIAL,STATUS_ARTICULO_ID,FECHA_STATUS,TIPO_ARTICULO,SUBASTA_ID) VALUES(16,'Espejo de roble ','A1884DC000016',445355.94,3,SYSDATE,'A',28);
INSERT INTO ARTICULO(ARTICULO_ID,NOMBRE,CLAVE_ARTICULO,PRECIO_INICIAL,STATUS_ARTICULO_ID,FECHA_STATUS,TIPO_ARTICULO,SUBASTA_ID) VALUES(17,'Espejo de suelo para habitacin-vestidor, poca Victoriana ','A1873DC000017',605481,3,SYSDATE,'A',55);
INSERT INTO ARTICULO(ARTICULO_ID,NOMBRE,CLAVE_ARTICULO,PRECIO_INICIAL,STATUS_ARTICULO_ID,FECHA_STATUS,TIPO_ARTICULO,SUBASTA_ID) VALUES(18,'Espejo de suelo para vestidor regulable ','A1938DC000018',805174.5,2,SYSDATE,'A',12);
INSERT INTO ARTICULO(ARTICULO_ID,NOMBRE,CLAVE_ARTICULO,PRECIO_INICIAL,STATUS_ARTICULO_ID,FECHA_STATUS,TIPO_ARTICULO,SUBASTA_ID) VALUES(19,'Espejo de suelo para vestidor fijo','A1932DC000019',552418.06,3,SYSDATE,'A',6);
INSERT INTO ARTICULO(ARTICULO_ID,NOMBRE,CLAVE_ARTICULO,PRECIO_INICIAL,STATUS_ARTICULO_ID,FECHA_STATUS,TIPO_ARTICULO,SUBASTA_ID) VALUES(20,'Espejito original de sobremesa, bronce, mitad s.XIX ','A1827DC000020',720433,3,SYSDATE,'A',51);
INSERT INTO ARTICULO(ARTICULO_ID,NOMBRE,CLAVE_ARTICULO,PRECIO_INICIAL,STATUS_ARTICULO_ID,FECHA_STATUS,TIPO_ARTICULO,SUBASTA_ID) VALUES(21,'Lmpara opalina, bronce, poca Napolen III ','A1945DC000021',158974.33,2,SYSDATE,'A',43);
INSERT INTO ARTICULO(ARTICULO_ID,NOMBRE,CLAVE_ARTICULO,PRECIO_INICIAL,STATUS_ARTICULO_ID,FECHA_STATUS,TIPO_ARTICULO,SUBASTA_ID) VALUES(22,'Lmpara modernista, bronce, tulipas al cido ','A1872DC000022',172180.52,4,SYSDATE,'A',54);
INSERT INTO ARTICULO(ARTICULO_ID,NOMBRE,CLAVE_ARTICULO,PRECIO_INICIAL,STATUS_ARTICULO_ID,FECHA_STATUS,TIPO_ARTICULO,SUBASTA_ID) VALUES(23,'Lmpara opalina, bronce, poca Isabelina ','A1872DC000023',609631.31,2,SYSDATE,'A',27);
INSERT INTO ARTICULO(ARTICULO_ID,NOMBRE,CLAVE_ARTICULO,PRECIO_INICIAL,STATUS_ARTICULO_ID,FECHA_STATUS,TIPO_ARTICULO,SUBASTA_ID) VALUES(24,'Lmpara opalina, policromada ','A1865DC000024',492172.31,3,SYSDATE,'A',9);
INSERT INTO ARTICULO(ARTICULO_ID,NOMBRE,CLAVE_ARTICULO,PRECIO_INICIAL,STATUS_ARTICULO_ID,FECHA_STATUS,TIPO_ARTICULO,SUBASTA_ID) VALUES(25,'Lmpara holandesa de metal en perfecto estado ','A1917DC000025',557619.56,2,SYSDATE,'A',31);
INSERT INTO ARTICULO(ARTICULO_ID,NOMBRE,CLAVE_ARTICULO,PRECIO_INICIAL,STATUS_ARTICULO_ID,FECHA_STATUS,TIPO_ARTICULO,SUBASTA_ID) VALUES(26,'Lmpara de sobremesa, tulipa opalina, final s.XIX ','A1868DC000026',580216.44,3,SYSDATE,'A',50);
INSERT INTO ARTICULO(ARTICULO_ID,NOMBRE,CLAVE_ARTICULO,PRECIO_INICIAL,STATUS_ARTICULO_ID,FECHA_STATUS,TIPO_ARTICULO,SUBASTA_ID) VALUES(27,'Bandeja modernista espaola ','A1928DC000027',407261.12,2,SYSDATE,'A',57);
INSERT INTO ARTICULO(ARTICULO_ID,NOMBRE,CLAVE_ARTICULO,PRECIO_INICIAL,STATUS_ARTICULO_ID,FECHA_STATUS,TIPO_ARTICULO,SUBASTA_ID) VALUES(28,'Bandeja metal plateado Isabelina ','A1903DC000028',883753.12,2,SYSDATE,'A',55);
INSERT INTO ARTICULO(ARTICULO_ID,NOMBRE,CLAVE_ARTICULO,PRECIO_INICIAL,STATUS_ARTICULO_ID,FECHA_STATUS,TIPO_ARTICULO,SUBASTA_ID) VALUES(29,'Bandeja pared. Llegada de Coln al Palacio del Tinell ','A1884DC000029',288872.91,2,SYSDATE,'A',25);
INSERT INTO ARTICULO(ARTICULO_ID,NOMBRE,CLAVE_ARTICULO,PRECIO_INICIAL,STATUS_ARTICULO_ID,FECHA_STATUS,TIPO_ARTICULO,SUBASTA_ID) VALUES(30,'Azafata metal plateado final s.XIX ','A1887DC000030',146687.16,1,SYSDATE,'A',33);
INSERT INTO ARTICULO(ARTICULO_ID,NOMBRE,CLAVE_ARTICULO,PRECIO_INICIAL,STATUS_ARTICULO_ID,FECHA_STATUS,TIPO_ARTICULO,SUBASTA_ID) VALUES(31,'Azafata metal bao plateado final s.XIX ','A1846DC000031',937699.56,2,SYSDATE,'A',23);
INSERT INTO ARTICULO(ARTICULO_ID,NOMBRE,CLAVE_ARTICULO,PRECIO_INICIAL,STATUS_ARTICULO_ID,FECHA_STATUS,TIPO_ARTICULO,SUBASTA_ID) VALUES(32,'Azafata metal plateado Isabelina ','A1842DC000032',989644.06,2,SYSDATE,'A',2);
INSERT INTO ARTICULO(ARTICULO_ID,NOMBRE,CLAVE_ARTICULO,PRECIO_INICIAL,STATUS_ARTICULO_ID,FECHA_STATUS,TIPO_ARTICULO,SUBASTA_ID) VALUES(33,'Centro mesa art Dec ','A1806DC000033',660637,1,SYSDATE,'A',27);
INSERT INTO ARTICULO(ARTICULO_ID,NOMBRE,CLAVE_ARTICULO,PRECIO_INICIAL,STATUS_ARTICULO_ID,FECHA_STATUS,TIPO_ARTICULO,SUBASTA_ID) VALUES(34,'Centro mesa metal final s.XIX ','A1929DC000034',546940.69,1,SYSDATE,'A',2);
INSERT INTO ARTICULO(ARTICULO_ID,NOMBRE,CLAVE_ARTICULO,PRECIO_INICIAL,STATUS_ARTICULO_ID,FECHA_STATUS,TIPO_ARTICULO,SUBASTA_ID) VALUES(35,'Centro mesa metal plateado Isabelina ','A1829DC000035',290027.97,2,SYSDATE,'A',18);
INSERT INTO ARTICULO(ARTICULO_ID,NOMBRE,CLAVE_ARTICULO,PRECIO_INICIAL,STATUS_ARTICULO_ID,FECHA_STATUS,TIPO_ARTICULO,SUBASTA_ID) VALUES(36,'Centro mesa atesanal plateado Isabelina ','A1822DC000036',243565.62,2,SYSDATE,'A',7);
INSERT INTO ARTICULO(ARTICULO_ID,NOMBRE,CLAVE_ARTICULO,PRECIO_INICIAL,STATUS_ARTICULO_ID,FECHA_STATUS,TIPO_ARTICULO,SUBASTA_ID) VALUES(37,'Jarrn de cristal pintado al fuego ','A1906DC000037',608530.62,4,SYSDATE,'A',45);
INSERT INTO ARTICULO(ARTICULO_ID,NOMBRE,CLAVE_ARTICULO,PRECIO_INICIAL,STATUS_ARTICULO_ID,FECHA_STATUS,TIPO_ARTICULO,SUBASTA_ID) VALUES(38,'Jarrn de porcelana ','A1817DC000038',75896,2,SYSDATE,'A',29);
INSERT INTO ARTICULO(ARTICULO_ID,NOMBRE,CLAVE_ARTICULO,PRECIO_INICIAL,STATUS_ARTICULO_ID,FECHA_STATUS,TIPO_ARTICULO,SUBASTA_ID) VALUES(39,'Jarrn de opalina ','A1877DC000039',74585.49,2,SYSDATE,'A',11);
INSERT INTO ARTICULO(ARTICULO_ID,NOMBRE,CLAVE_ARTICULO,PRECIO_INICIAL,STATUS_ARTICULO_ID,FECHA_STATUS,TIPO_ARTICULO,SUBASTA_ID) VALUES(40,'Jarrones Art Neuveau (pareja) ','A1886DC000040',580894.69,2,SYSDATE,'A',19);
INSERT INTO ARTICULO(ARTICULO_ID,NOMBRE,CLAVE_ARTICULO,PRECIO_INICIAL,STATUS_ARTICULO_ID,FECHA_STATUS,TIPO_ARTICULO,SUBASTA_ID) VALUES(41,'Jarrn ','A1920DC000041',691559.81,2,SYSDATE,'A',45);
INSERT INTO ARTICULO(ARTICULO_ID,NOMBRE,CLAVE_ARTICULO,PRECIO_INICIAL,STATUS_ARTICULO_ID,FECHA_STATUS,TIPO_ARTICULO,SUBASTA_ID) VALUES(42,'Jarrn azul ','A1910DC000042',798927.31,2,SYSDATE,'A',29);
INSERT INTO ARTICULO(ARTICULO_ID,NOMBRE,CLAVE_ARTICULO,PRECIO_INICIAL,STATUS_ARTICULO_ID,FECHA_STATUS,TIPO_ARTICULO,SUBASTA_ID) VALUES(43,'3 jarrones porcelana, Pars, Napolen III ','A1894DC000043',718082.94,2,SYSDATE,'A',21);
INSERT INTO ARTICULO(ARTICULO_ID,NOMBRE,CLAVE_ARTICULO,PRECIO_INICIAL,STATUS_ARTICULO_ID,FECHA_STATUS,TIPO_ARTICULO,SUBASTA_ID) VALUES(44,'8 jarrones de  barro, Pars, Napolen III ','A1812DC000044',604526.31,2,SYSDATE,'A',32);
INSERT INTO ARTICULO(ARTICULO_ID,NOMBRE,CLAVE_ARTICULO,PRECIO_INICIAL,STATUS_ARTICULO_ID,FECHA_STATUS,TIPO_ARTICULO,SUBASTA_ID) VALUES(45,'Jarrn de porcelana poca Napolen III ','A1950DC000045',300879.03,3,SYSDATE,'A',30);
INSERT INTO ARTICULO(ARTICULO_ID,NOMBRE,CLAVE_ARTICULO,PRECIO_INICIAL,STATUS_ARTICULO_ID,FECHA_STATUS,TIPO_ARTICULO,SUBASTA_ID) VALUES(46,'Jardinera de porcelana poca Napolen III ','A1839DC000046',587446.81,2,SYSDATE,'A',22);
INSERT INTO ARTICULO(ARTICULO_ID,NOMBRE,CLAVE_ARTICULO,PRECIO_INICIAL,STATUS_ARTICULO_ID,FECHA_STATUS,TIPO_ARTICULO,SUBASTA_ID) VALUES(47,'Jardinera de estao mitad s.XIX ','A1948DC000047',478657.62,4,SYSDATE,'A',45);
INSERT INTO ARTICULO(ARTICULO_ID,NOMBRE,CLAVE_ARTICULO,PRECIO_INICIAL,STATUS_ARTICULO_ID,FECHA_STATUS,TIPO_ARTICULO,SUBASTA_ID) VALUES(48,'Jardinera de estao decorado mitad s.XIX ','A1910DC000048',393871.19,3,SYSDATE,'A',59);
INSERT INTO ARTICULO(ARTICULO_ID,NOMBRE,CLAVE_ARTICULO,PRECIO_INICIAL,STATUS_ARTICULO_ID,FECHA_STATUS,TIPO_ARTICULO,SUBASTA_ID) VALUES(49,'Candelabros (2 piezas) mrmol, bronce, final s.XIX ','A1831DC000049',826057.12,2,SYSDATE,'A',56);
INSERT INTO ARTICULO(ARTICULO_ID,NOMBRE,CLAVE_ARTICULO,PRECIO_INICIAL,STATUS_ARTICULO_ID,FECHA_STATUS,TIPO_ARTICULO,SUBASTA_ID) VALUES(50,'Candelabros (2 piezas) metal fundicin, poca Victoriana ','A1906DC000050',905915.06,3,SYSDATE,'A',21);
INSERT INTO ARTICULO(ARTICULO_ID,NOMBRE,CLAVE_ARTICULO,PRECIO_INICIAL,STATUS_ARTICULO_ID,FECHA_STATUS,TIPO_ARTICULO,SUBASTA_ID) VALUES(51,'Candelabros (2 piezas) bronze, mitad s.XIX ','A1949DC000051',15617.07,1,SYSDATE,'A',14);
INSERT INTO ARTICULO(ARTICULO_ID,NOMBRE,CLAVE_ARTICULO,PRECIO_INICIAL,STATUS_ARTICULO_ID,FECHA_STATUS,TIPO_ARTICULO,SUBASTA_ID) VALUES(52,'Candelabros (2 piezas) ','A1821DC000052',558582.56,2,SYSDATE,'A',22);
INSERT INTO ARTICULO(ARTICULO_ID,NOMBRE,CLAVE_ARTICULO,PRECIO_INICIAL,STATUS_ARTICULO_ID,FECHA_STATUS,TIPO_ARTICULO,SUBASTA_ID) VALUES(53,'Quinquers (2 piezas) mitad s.XIX ','A1848DC000053',24240.83,4,SYSDATE,'A',60);
INSERT INTO ARTICULO(ARTICULO_ID,NOMBRE,CLAVE_ARTICULO,PRECIO_INICIAL,STATUS_ARTICULO_ID,FECHA_STATUS,TIPO_ARTICULO,SUBASTA_ID) VALUES(54,'Escribanier de metal, poca Victoriana ','A1879DC000054',319547.25,2,SYSDATE,'A',49);
INSERT INTO ARTICULO(ARTICULO_ID,NOMBRE,CLAVE_ARTICULO,PRECIO_INICIAL,STATUS_ARTICULO_ID,FECHA_STATUS,TIPO_ARTICULO,SUBASTA_ID) VALUES(55,'Cajita de caoba con marquetera, mitad s.XIX ','A1850DC000055',615219.5,1,SYSDATE,'A',54);
INSERT INTO ARTICULO(ARTICULO_ID,NOMBRE,CLAVE_ARTICULO,PRECIO_INICIAL,STATUS_ARTICULO_ID,FECHA_STATUS,TIPO_ARTICULO,SUBASTA_ID) VALUES(56,'Bolas petanca inglesa con contrastes y fechas (7 unid.) ','A1808DC000056',631768.75,2,SYSDATE,'A',15);
INSERT INTO ARTICULO(ARTICULO_ID,NOMBRE,CLAVE_ARTICULO,PRECIO_INICIAL,STATUS_ARTICULO_ID,FECHA_STATUS,TIPO_ARTICULO,SUBASTA_ID) VALUES(57,'Concha decorativa ','A1928DC000057',119833.44,2,SYSDATE,'A',38);
INSERT INTO ARTICULO(ARTICULO_ID,NOMBRE,CLAVE_ARTICULO,PRECIO_INICIAL,STATUS_ARTICULO_ID,FECHA_STATUS,TIPO_ARTICULO,SUBASTA_ID) VALUES(58,'Guarnicin para chimenea en bronce, poca Louis XVI ','A1912DC000058',825774.56,3,SYSDATE,'A',57);
INSERT INTO ARTICULO(ARTICULO_ID,NOMBRE,CLAVE_ARTICULO,PRECIO_INICIAL,STATUS_ARTICULO_ID,FECHA_STATUS,TIPO_ARTICULO,SUBASTA_ID) VALUES(59,'Estuche con cubiertos de plata baja, Art Dec ','A1887DC000059',721692.31,2,SYSDATE,'A',37);
INSERT INTO ARTICULO(ARTICULO_ID,NOMBRE,CLAVE_ARTICULO,PRECIO_INICIAL,STATUS_ARTICULO_ID,FECHA_STATUS,TIPO_ARTICULO,SUBASTA_ID) VALUES(60,'Escultura perro ','A1861DC000060',921863.69,2,SYSDATE,'A',25);
INSERT INTO ARTICULO(ARTICULO_ID,NOMBRE,CLAVE_ARTICULO,PRECIO_INICIAL,STATUS_ARTICULO_ID,FECHA_STATUS,TIPO_ARTICULO,SUBASTA_ID) VALUES(61,'Figura mujer sobre el carro ','A1927DC000061',225784.12,2,SYSDATE,'A',13);
INSERT INTO ARTICULO(ARTICULO_ID,NOMBRE,CLAVE_ARTICULO,PRECIO_INICIAL,STATUS_ARTICULO_ID,FECHA_STATUS,TIPO_ARTICULO,SUBASTA_ID) VALUES(62,'Pies retablo de madera, siglo XVIII (pareja) ','A1905DC000062',277556.22,2,SYSDATE,'A',55);
INSERT INTO ARTICULO(ARTICULO_ID,NOMBRE,CLAVE_ARTICULO,PRECIO_INICIAL,STATUS_ARTICULO_ID,FECHA_STATUS,TIPO_ARTICULO,SUBASTA_ID) VALUES(63,'Piezas varias de marfil, grandes medianas y pequeas ','A1911DC000063',251790.8,2,SYSDATE,'A',17);
INSERT INTO ARTICULO(ARTICULO_ID,NOMBRE,CLAVE_ARTICULO,PRECIO_INICIAL,STATUS_ARTICULO_ID,FECHA_STATUS,TIPO_ARTICULO,SUBASTA_ID) VALUES(64,'Reno de marfil ','A1946DC000064',497989,2,SYSDATE,'A',12);
INSERT INTO ARTICULO(ARTICULO_ID,NOMBRE,CLAVE_ARTICULO,PRECIO_INICIAL,STATUS_ARTICULO_ID,FECHA_STATUS,TIPO_ARTICULO,SUBASTA_ID) VALUES(65,'Reno baado en oro','A1875DC000065',522309.12,2,SYSDATE,'A',49);
INSERT INTO ARTICULO(ARTICULO_ID,NOMBRE,CLAVE_ARTICULO,PRECIO_INICIAL,STATUS_ARTICULO_ID,FECHA_STATUS,TIPO_ARTICULO,SUBASTA_ID) VALUES(66,'aceitera.','P1911DC000066',362928.94,2,SYSDATE,'P',19);
INSERT INTO ARTICULO(ARTICULO_ID,NOMBRE,CLAVE_ARTICULO,PRECIO_INICIAL,STATUS_ARTICULO_ID,FECHA_STATUS,TIPO_ARTICULO,SUBASTA_ID) VALUES(67,'aceitera de cobre (Merkantiguo.com).','P1876DC000067',281549.25,4,SYSDATE,'P',14);
INSERT INTO ARTICULO(ARTICULO_ID,NOMBRE,CLAVE_ARTICULO,PRECIO_INICIAL,STATUS_ARTICULO_ID,FECHA_STATUS,TIPO_ARTICULO,SUBASTA_ID) VALUES(68,'agujereadora','P1811DC000068',70558.58,2,SYSDATE,'P',1);
INSERT INTO ARTICULO(ARTICULO_ID,NOMBRE,CLAVE_ARTICULO,PRECIO_INICIAL,STATUS_ARTICULO_ID,FECHA_STATUS,TIPO_ARTICULO,SUBASTA_ID) VALUES(69,'agujereadora elctrica ','P1865DC000069',254842.97,3,SYSDATE,'P',51);
INSERT INTO ARTICULO(ARTICULO_ID,NOMBRE,CLAVE_ARTICULO,PRECIO_INICIAL,STATUS_ARTICULO_ID,FECHA_STATUS,TIPO_ARTICULO,SUBASTA_ID) VALUES(70,'amoladora manual','P1825DC000070',832718.62,4,SYSDATE,'P',23);
INSERT INTO ARTICULO(ARTICULO_ID,NOMBRE,CLAVE_ARTICULO,PRECIO_INICIAL,STATUS_ARTICULO_ID,FECHA_STATUS,TIPO_ARTICULO,SUBASTA_ID) VALUES(71,'carretilla de madera','P1893DC000071',85481.4,2,SYSDATE,'P',2);
INSERT INTO ARTICULO(ARTICULO_ID,NOMBRE,CLAVE_ARTICULO,PRECIO_INICIAL,STATUS_ARTICULO_ID,FECHA_STATUS,TIPO_ARTICULO,SUBASTA_ID) VALUES(72,'cortadora de alambre','P1834DC000072',147037.94,2,SYSDATE,'P',15);
INSERT INTO ARTICULO(ARTICULO_ID,NOMBRE,CLAVE_ARTICULO,PRECIO_INICIAL,STATUS_ARTICULO_ID,FECHA_STATUS,TIPO_ARTICULO,SUBASTA_ID) VALUES(73,'cuchilla de zapatero ','P1939DC000073',20244.69,1,SYSDATE,'P',36);
INSERT INTO ARTICULO(ARTICULO_ID,NOMBRE,CLAVE_ARTICULO,PRECIO_INICIAL,STATUS_ARTICULO_ID,FECHA_STATUS,TIPO_ARTICULO,SUBASTA_ID) VALUES(74,'destornillador (Mariano)','P1821DC000074',927128.5,4,SYSDATE,'P',26);
INSERT INTO ARTICULO(ARTICULO_ID,NOMBRE,CLAVE_ARTICULO,PRECIO_INICIAL,STATUS_ARTICULO_ID,FECHA_STATUS,TIPO_ARTICULO,SUBASTA_ID) VALUES(75,'devanadora manual (Rosana Pezzot)','P1802DC000075',181335.53,4,SYSDATE,'P',10);
INSERT INTO ARTICULO(ARTICULO_ID,NOMBRE,CLAVE_ARTICULO,PRECIO_INICIAL,STATUS_ARTICULO_ID,FECHA_STATUS,TIPO_ARTICULO,SUBASTA_ID) VALUES(76,'farol de minero','P1811DC000076',992185.94,3,SYSDATE,'P',28);
INSERT INTO ARTICULO(ARTICULO_ID,NOMBRE,CLAVE_ARTICULO,PRECIO_INICIAL,STATUS_ARTICULO_ID,FECHA_STATUS,TIPO_ARTICULO,SUBASTA_ID) VALUES(77,'fuelle para fragua','P1837DC000077',998759.62,4,SYSDATE,'P',38);
INSERT INTO ARTICULO(ARTICULO_ID,NOMBRE,CLAVE_ARTICULO,PRECIO_INICIAL,STATUS_ARTICULO_ID,FECHA_STATUS,TIPO_ARTICULO,SUBASTA_ID) VALUES(78,'fumigador (Chino)','P1899DC000078',241956.72,2,SYSDATE,'P',32);
INSERT INTO ARTICULO(ARTICULO_ID,NOMBRE,CLAVE_ARTICULO,PRECIO_INICIAL,STATUS_ARTICULO_ID,FECHA_STATUS,TIPO_ARTICULO,SUBASTA_ID) VALUES(79,'garlopa','P1947DC000079',987613.25,2,SYSDATE,'P',26);
INSERT INTO ARTICULO(ARTICULO_ID,NOMBRE,CLAVE_ARTICULO,PRECIO_INICIAL,STATUS_ARTICULO_ID,FECHA_STATUS,TIPO_ARTICULO,SUBASTA_ID) VALUES(80,'llave cocodrilo','P1833DC000080',602770.62,3,SYSDATE,'P',4);
INSERT INTO ARTICULO(ARTICULO_ID,NOMBRE,CLAVE_ARTICULO,PRECIO_INICIAL,STATUS_ARTICULO_ID,FECHA_STATUS,TIPO_ARTICULO,SUBASTA_ID) VALUES(81,'maletn de mdico (Oscar Destandau)','P1888DC000081',758965.31,2,SYSDATE,'P',3);
INSERT INTO ARTICULO(ARTICULO_ID,NOMBRE,CLAVE_ARTICULO,PRECIO_INICIAL,STATUS_ARTICULO_ID,FECHA_STATUS,TIPO_ARTICULO,SUBASTA_ID) VALUES(82,'mquina de afilador','P1854DC000082',596485.88,2,SYSDATE,'P',30);
INSERT INTO ARTICULO(ARTICULO_ID,NOMBRE,CLAVE_ARTICULO,PRECIO_INICIAL,STATUS_ARTICULO_ID,FECHA_STATUS,TIPO_ARTICULO,SUBASTA_ID) VALUES(83,'mquina de colchonero','P1862DC000083',936411.25,1,SYSDATE,'P',57);
INSERT INTO ARTICULO(ARTICULO_ID,NOMBRE,CLAVE_ARTICULO,PRECIO_INICIAL,STATUS_ARTICULO_ID,FECHA_STATUS,TIPO_ARTICULO,SUBASTA_ID) VALUES(84,'mquina de cortar pelo','P1885DC000084',118664.24,2,SYSDATE,'P',42);
INSERT INTO ARTICULO(ARTICULO_ID,NOMBRE,CLAVE_ARTICULO,PRECIO_INICIAL,STATUS_ARTICULO_ID,FECHA_STATUS,TIPO_ARTICULO,SUBASTA_ID) VALUES(85,'mquina de cortar pelo','P1913DC000085',13905.2,2,SYSDATE,'P',2);
INSERT INTO ARTICULO(ARTICULO_ID,NOMBRE,CLAVE_ARTICULO,PRECIO_INICIAL,STATUS_ARTICULO_ID,FECHA_STATUS,TIPO_ARTICULO,SUBASTA_ID) VALUES(86,'mquina para cargar cartuchos','P1863DC000086',817625.38,2,SYSDATE,'P',8);
INSERT INTO ARTICULO(ARTICULO_ID,NOMBRE,CLAVE_ARTICULO,PRECIO_INICIAL,STATUS_ARTICULO_ID,FECHA_STATUS,TIPO_ARTICULO,SUBASTA_ID) VALUES(87,'mquina para fabricar sellos (Imprenta Navarro)','P1931DC000087',400747.69,3,SYSDATE,'P',22);
INSERT INTO ARTICULO(ARTICULO_ID,NOMBRE,CLAVE_ARTICULO,PRECIO_INICIAL,STATUS_ARTICULO_ID,FECHA_STATUS,TIPO_ARTICULO,SUBASTA_ID) VALUES(88,'mirroscope','P1842DC000088',835387.69,1,SYSDATE,'P',24);
INSERT INTO ARTICULO(ARTICULO_ID,NOMBRE,CLAVE_ARTICULO,PRECIO_INICIAL,STATUS_ARTICULO_ID,FECHA_STATUS,TIPO_ARTICULO,SUBASTA_ID) VALUES(89,'motor para extraccin de agua (Chino)','P1881DC000089',238841.5,4,SYSDATE,'P',31);
INSERT INTO ARTICULO(ARTICULO_ID,NOMBRE,CLAVE_ARTICULO,PRECIO_INICIAL,STATUS_ARTICULO_ID,FECHA_STATUS,TIPO_ARTICULO,SUBASTA_ID) VALUES(90,'motor Villa (Claudio Tasillo)','P1837DC000090',738677.5,2,SYSDATE,'P',10);
INSERT INTO ARTICULO(ARTICULO_ID,NOMBRE,CLAVE_ARTICULO,PRECIO_INICIAL,STATUS_ARTICULO_ID,FECHA_STATUS,TIPO_ARTICULO,SUBASTA_ID) VALUES(91,'plomada de albail','P1830DC000091',593386.5,2,SYSDATE,'P',34);
INSERT INTO ARTICULO(ARTICULO_ID,NOMBRE,CLAVE_ARTICULO,PRECIO_INICIAL,STATUS_ARTICULO_ID,FECHA_STATUS,TIPO_ARTICULO,SUBASTA_ID) VALUES(92,'prensa','P1810DC000092',257587.06,2,SYSDATE,'P',43);
INSERT INTO ARTICULO(ARTICULO_ID,NOMBRE,CLAVE_ARTICULO,PRECIO_INICIAL,STATUS_ARTICULO_ID,FECHA_STATUS,TIPO_ARTICULO,SUBASTA_ID) VALUES(93,'prensa papel ','P1803DC000093',374534.5,2,SYSDATE,'P',43);
INSERT INTO ARTICULO(ARTICULO_ID,NOMBRE,CLAVE_ARTICULO,PRECIO_INICIAL,STATUS_ARTICULO_ID,FECHA_STATUS,TIPO_ARTICULO,SUBASTA_ID) VALUES(94,'pulverizador','P1941DC000094',126136.29,2,SYSDATE,'P',31);
INSERT INTO ARTICULO(ARTICULO_ID,NOMBRE,CLAVE_ARTICULO,PRECIO_INICIAL,STATUS_ARTICULO_ID,FECHA_STATUS,TIPO_ARTICULO,SUBASTA_ID) VALUES(95,'sembradora de granos','P1844DC000095',673273.25,4,SYSDATE,'P',37);
INSERT INTO ARTICULO(ARTICULO_ID,NOMBRE,CLAVE_ARTICULO,PRECIO_INICIAL,STATUS_ARTICULO_ID,FECHA_STATUS,TIPO_ARTICULO,SUBASTA_ID) VALUES(96,'serrucho','P1913DC000096',438591.06,4,SYSDATE,'P',11);
INSERT INTO ARTICULO(ARTICULO_ID,NOMBRE,CLAVE_ARTICULO,PRECIO_INICIAL,STATUS_ARTICULO_ID,FECHA_STATUS,TIPO_ARTICULO,SUBASTA_ID) VALUES(97,'soldador a nafta','P1924DC000097',934682.31,4,SYSDATE,'P',52);
INSERT INTO ARTICULO(ARTICULO_ID,NOMBRE,CLAVE_ARTICULO,PRECIO_INICIAL,STATUS_ARTICULO_ID,FECHA_STATUS,TIPO_ARTICULO,SUBASTA_ID) VALUES(98,'soplete a nafta','P1920DC000098',694217.81,2,SYSDATE,'P',35);
INSERT INTO ARTICULO(ARTICULO_ID,NOMBRE,CLAVE_ARTICULO,PRECIO_INICIAL,STATUS_ARTICULO_ID,FECHA_STATUS,TIPO_ARTICULO,SUBASTA_ID) VALUES(99,'soldador manual para calentar','P1892DC000099',656049.06,2,SYSDATE,'P',40);
INSERT INTO ARTICULO(ARTICULO_ID,NOMBRE,CLAVE_ARTICULO,PRECIO_INICIAL,STATUS_ARTICULO_ID,FECHA_STATUS,TIPO_ARTICULO,SUBASTA_ID) VALUES(100,'soldador manual doble para calentar','P1912DC000100',188110.23,2,SYSDATE,'P',18);
INSERT INTO ARTICULO(ARTICULO_ID,NOMBRE,CLAVE_ARTICULO,PRECIO_INICIAL,STATUS_ARTICULO_ID,FECHA_STATUS,TIPO_ARTICULO,SUBASTA_ID) VALUES(101,'tarro de aguatero','P1937DC000101',712131.88,4,SYSDATE,'P',16);
INSERT INTO ARTICULO(ARTICULO_ID,NOMBRE,CLAVE_ARTICULO,PRECIO_INICIAL,STATUS_ARTICULO_ID,FECHA_STATUS,TIPO_ARTICULO,SUBASTA_ID) VALUES(102,'tarros de lechero','P1924DC000102',844359,2,SYSDATE,'P',44);
INSERT INTO ARTICULO(ARTICULO_ID,NOMBRE,CLAVE_ARTICULO,PRECIO_INICIAL,STATUS_ARTICULO_ID,FECHA_STATUS,TIPO_ARTICULO,SUBASTA_ID) VALUES(103,'tarro con embudo','P1898DC000103',366711.06,3,SYSDATE,'P',47);
INSERT INTO ARTICULO(ARTICULO_ID,NOMBRE,CLAVE_ARTICULO,PRECIO_INICIAL,STATUS_ARTICULO_ID,FECHA_STATUS,TIPO_ARTICULO,SUBASTA_ID) VALUES(104,'tijera de sastre','P1814DC000104',598304.25,2,SYSDATE,'P',5);
INSERT INTO ARTICULO(ARTICULO_ID,NOMBRE,CLAVE_ARTICULO,PRECIO_INICIAL,STATUS_ARTICULO_ID,FECHA_STATUS,TIPO_ARTICULO,SUBASTA_ID) VALUES(105,'tijerita de podar','P1870DC000105',935697.88,2,SYSDATE,'P',37);
INSERT INTO ARTICULO(ARTICULO_ID,NOMBRE,CLAVE_ARTICULO,PRECIO_INICIAL,STATUS_ARTICULO_ID,FECHA_STATUS,TIPO_ARTICULO,SUBASTA_ID) VALUES(106,'torno de relojero','P1804DC000106',275712.59,2,SYSDATE,'P',21);
INSERT INTO ARTICULO(ARTICULO_ID,NOMBRE,CLAVE_ARTICULO,PRECIO_INICIAL,STATUS_ARTICULO_ID,FECHA_STATUS,TIPO_ARTICULO,SUBASTA_ID) VALUES(107,'voltmetro ','P1918DC000107',595336.56,2,SYSDATE,'P',39);
INSERT INTO ARTICULO(ARTICULO_ID,NOMBRE,CLAVE_ARTICULO,PRECIO_INICIAL,STATUS_ARTICULO_ID,FECHA_STATUS,TIPO_ARTICULO,SUBASTA_ID) VALUES(108,'balde de aljibe','P1886DC000108',737857.12,2,SYSDATE,'P',27);
INSERT INTO ARTICULO(ARTICULO_ID,NOMBRE,CLAVE_ARTICULO,PRECIO_INICIAL,STATUS_ARTICULO_ID,FECHA_STATUS,TIPO_ARTICULO,SUBASTA_ID) VALUES(109,'bargeo (altiquitaca.com)','P1926DC000109',167904.03,3,SYSDATE,'P',16);
INSERT INTO ARTICULO(ARTICULO_ID,NOMBRE,CLAVE_ARTICULO,PRECIO_INICIAL,STATUS_ARTICULO_ID,FECHA_STATUS,TIPO_ARTICULO,SUBASTA_ID) VALUES(110,'batidora manual','P1868DC000110',152702.97,2,SYSDATE,'P',49);
INSERT INTO ARTICULO(ARTICULO_ID,NOMBRE,CLAVE_ARTICULO,PRECIO_INICIAL,STATUS_ARTICULO_ID,FECHA_STATUS,TIPO_ARTICULO,SUBASTA_ID) VALUES(111,'batidora elctrica','P1847DC000111',820893.88,4,SYSDATE,'P',47);
INSERT INTO ARTICULO(ARTICULO_ID,NOMBRE,CLAVE_ARTICULO,PRECIO_INICIAL,STATUS_ARTICULO_ID,FECHA_STATUS,TIPO_ARTICULO,SUBASTA_ID) VALUES(112,'bastn','P1809DC000112',294364.06,3,SYSDATE,'P',4);
INSERT INTO ARTICULO(ARTICULO_ID,NOMBRE,CLAVE_ARTICULO,PRECIO_INICIAL,STATUS_ARTICULO_ID,FECHA_STATUS,TIPO_ARTICULO,SUBASTA_ID) VALUES(113,'bal (altiquitaca)','P1895DC000113',453686.34,2,SYSDATE,'P',8);
INSERT INTO ARTICULO(ARTICULO_ID,NOMBRE,CLAVE_ARTICULO,PRECIO_INICIAL,STATUS_ARTICULO_ID,FECHA_STATUS,TIPO_ARTICULO,SUBASTA_ID) VALUES(114,'biscochos Canale','P1867DC000114',86997.61,2,SYSDATE,'P',1);
INSERT INTO ARTICULO(ARTICULO_ID,NOMBRE,CLAVE_ARTICULO,PRECIO_INICIAL,STATUS_ARTICULO_ID,FECHA_STATUS,TIPO_ARTICULO,SUBASTA_ID) VALUES(115,'bomba de mano para extraer agua','P1808DC000115',353510.78,2,SYSDATE,'P',56);
INSERT INTO ARTICULO(ARTICULO_ID,NOMBRE,CLAVE_ARTICULO,PRECIO_INICIAL,STATUS_ARTICULO_ID,FECHA_STATUS,TIPO_ARTICULO,SUBASTA_ID) VALUES(116,'bombilla de mate','P1950DC000116',407248.25,2,SYSDATE,'P',24);
INSERT INTO ARTICULO(ARTICULO_ID,NOMBRE,CLAVE_ARTICULO,PRECIO_INICIAL,STATUS_ARTICULO_ID,FECHA_STATUS,TIPO_ARTICULO,SUBASTA_ID) VALUES(117,'botellas de barro','P1894DC000117',231075.7,4,SYSDATE,'P',13);
INSERT INTO ARTICULO(ARTICULO_ID,NOMBRE,CLAVE_ARTICULO,PRECIO_INICIAL,STATUS_ARTICULO_ID,FECHA_STATUS,TIPO_ARTICULO,SUBASTA_ID) VALUES(118,'calefn a gas','P1847DC000118',793789,2,SYSDATE,'P',52);
INSERT INTO ARTICULO(ARTICULO_ID,NOMBRE,CLAVE_ARTICULO,PRECIO_INICIAL,STATUS_ARTICULO_ID,FECHA_STATUS,TIPO_ARTICULO,SUBASTA_ID) VALUES(119,'calefn a alcohol','P1826DC000119',512174.59,4,SYSDATE,'P',19);
INSERT INTO ARTICULO(ARTICULO_ID,NOMBRE,CLAVE_ARTICULO,PRECIO_INICIAL,STATUS_ARTICULO_ID,FECHA_STATUS,TIPO_ARTICULO,SUBASTA_ID) VALUES(120,'calentador a querosene','P1911DC000120',926589.56,1,SYSDATE,'P',30);
INSERT INTO ARTICULO(ARTICULO_ID,NOMBRE,CLAVE_ARTICULO,PRECIO_INICIAL,STATUS_ARTICULO_ID,FECHA_STATUS,TIPO_ARTICULO,SUBASTA_ID) VALUES(121,'calentador a querosene Primus (Chino)','P1820DC000121',297102.75,2,SYSDATE,'P',28);
INSERT INTO ARTICULO(ARTICULO_ID,NOMBRE,CLAVE_ARTICULO,PRECIO_INICIAL,STATUS_ARTICULO_ID,FECHA_STATUS,TIPO_ARTICULO,SUBASTA_ID) VALUES(122,'calentador estufa a querosene','P1875DC000122',916068.38,3,SYSDATE,'P',33);
INSERT INTO ARTICULO(ARTICULO_ID,NOMBRE,CLAVE_ARTICULO,PRECIO_INICIAL,STATUS_ARTICULO_ID,FECHA_STATUS,TIPO_ARTICULO,SUBASTA_ID) VALUES(123,'cmara fotogrfica','P1884DC000123',502690,3,SYSDATE,'P',26);
INSERT INTO ARTICULO(ARTICULO_ID,NOMBRE,CLAVE_ARTICULO,PRECIO_INICIAL,STATUS_ARTICULO_ID,FECHA_STATUS,TIPO_ARTICULO,SUBASTA_ID) VALUES(124,'cmara fotogrfica con fuelle (Luly)','P1944DC000124',857661.31,4,SYSDATE,'P',52);
INSERT INTO ARTICULO(ARTICULO_ID,NOMBRE,CLAVE_ARTICULO,PRECIO_INICIAL,STATUS_ARTICULO_ID,FECHA_STATUS,TIPO_ARTICULO,SUBASTA_ID) VALUES(125,'cmara fotogrfica Kodak Fiesta (altiquitaca.com)','P1868DC000125',685645.38,2,SYSDATE,'P',36);
INSERT INTO ARTICULO(ARTICULO_ID,NOMBRE,CLAVE_ARTICULO,PRECIO_INICIAL,STATUS_ARTICULO_ID,FECHA_STATUS,TIPO_ARTICULO,SUBASTA_ID) VALUES(126,'cmara fotogrfica miniatura (Alejandro Opmanis)','P1927DC000126',175614.56,3,SYSDATE,'P',54);
INSERT INTO ARTICULO(ARTICULO_ID,NOMBRE,CLAVE_ARTICULO,PRECIO_INICIAL,STATUS_ARTICULO_ID,FECHA_STATUS,TIPO_ARTICULO,SUBASTA_ID) VALUES(127,'Canada Dry ','P1865DC000127',989820.94,3,SYSDATE,'P',19);
INSERT INTO ARTICULO(ARTICULO_ID,NOMBRE,CLAVE_ARTICULO,PRECIO_INICIAL,STATUS_ARTICULO_ID,FECHA_STATUS,TIPO_ARTICULO,SUBASTA_ID) VALUES(128,'candado','P1908DC000128',806635,3,SYSDATE,'P',20);
INSERT INTO ARTICULO(ARTICULO_ID,NOMBRE,CLAVE_ARTICULO,PRECIO_INICIAL,STATUS_ARTICULO_ID,FECHA_STATUS,TIPO_ARTICULO,SUBASTA_ID) VALUES(129,'candados varios ','P1884DC000129',658665.12,3,SYSDATE,'P',11);
INSERT INTO ARTICULO(ARTICULO_ID,NOMBRE,CLAVE_ARTICULO,PRECIO_INICIAL,STATUS_ARTICULO_ID,FECHA_STATUS,TIPO_ARTICULO,SUBASTA_ID) VALUES(130,'candelabro','P1939DC000130',705708.06,1,SYSDATE,'P',51);
INSERT INTO ARTICULO(ARTICULO_ID,NOMBRE,CLAVE_ARTICULO,PRECIO_INICIAL,STATUS_ARTICULO_ID,FECHA_STATUS,TIPO_ARTICULO,SUBASTA_ID) VALUES(131,'canillas ','P1890DC000131',967895.19,2,SYSDATE,'P',21);
INSERT INTO ARTICULO(ARTICULO_ID,NOMBRE,CLAVE_ARTICULO,PRECIO_INICIAL,STATUS_ARTICULO_ID,FECHA_STATUS,TIPO_ARTICULO,SUBASTA_ID) VALUES(132,'carocero (altiquitaca)','P1921DC000132',829828.12,2,SYSDATE,'P',8);
INSERT INTO ARTICULO(ARTICULO_ID,NOMBRE,CLAVE_ARTICULO,PRECIO_INICIAL,STATUS_ARTICULO_ID,FECHA_STATUS,TIPO_ARTICULO,SUBASTA_ID) VALUES(133,'cenicero','P1896DC000133',138256.08,1,SYSDATE,'P',25);
INSERT INTO ARTICULO(ARTICULO_ID,NOMBRE,CLAVE_ARTICULO,PRECIO_INICIAL,STATUS_ARTICULO_ID,FECHA_STATUS,TIPO_ARTICULO,SUBASTA_ID) VALUES(134,'cesta de mimbre ','P1874DC000134',148120.55,2,SYSDATE,'P',41);
INSERT INTO ARTICULO(ARTICULO_ID,NOMBRE,CLAVE_ARTICULO,PRECIO_INICIAL,STATUS_ARTICULO_ID,FECHA_STATUS,TIPO_ARTICULO,SUBASTA_ID) VALUES(135,'Cinegraf proyector de juguete','P1830DC000135',425752.34,3,SYSDATE,'P',15);
INSERT INTO ARTICULO(ARTICULO_ID,NOMBRE,CLAVE_ARTICULO,PRECIO_INICIAL,STATUS_ARTICULO_ID,FECHA_STATUS,TIPO_ARTICULO,SUBASTA_ID) VALUES(136,'colador de t (Hugo Pezzot)','P1934DC000136',207032.33,2,SYSDATE,'P',2);
INSERT INTO ARTICULO(ARTICULO_ID,NOMBRE,CLAVE_ARTICULO,PRECIO_INICIAL,STATUS_ARTICULO_ID,FECHA_STATUS,TIPO_ARTICULO,SUBASTA_ID) VALUES(137,'combinado musical (Pablo Herrera)','P1910DC000137',814154.75,3,SYSDATE,'P',19);
INSERT INTO ARTICULO(ARTICULO_ID,NOMBRE,CLAVE_ARTICULO,PRECIO_INICIAL,STATUS_ARTICULO_ID,FECHA_STATUS,TIPO_ARTICULO,SUBASTA_ID) VALUES(138,'cortador de pan (Merkantiguo)','P1942DC000138',855719.38,2,SYSDATE,'P',22);
INSERT INTO ARTICULO(ARTICULO_ID,NOMBRE,CLAVE_ARTICULO,PRECIO_INICIAL,STATUS_ARTICULO_ID,FECHA_STATUS,TIPO_ARTICULO,SUBASTA_ID) VALUES(139,'cortador de ravioles (Hugo Antonio Pezzot)','P1870DC000139',474766.44,4,SYSDATE,'P',23);
INSERT INTO ARTICULO(ARTICULO_ID,NOMBRE,CLAVE_ARTICULO,PRECIO_INICIAL,STATUS_ARTICULO_ID,FECHA_STATUS,TIPO_ARTICULO,SUBASTA_ID) VALUES(140,'cortador doble de ravioles ','P1897DC000140',308874.91,2,SYSDATE,'P',46);
INSERT INTO ARTICULO(ARTICULO_ID,NOMBRE,CLAVE_ARTICULO,PRECIO_INICIAL,STATUS_ARTICULO_ID,FECHA_STATUS,TIPO_ARTICULO,SUBASTA_ID) VALUES(141,'cubiertos','P1913DC000141',849838.88,4,SYSDATE,'P',14);
INSERT INTO ARTICULO(ARTICULO_ID,NOMBRE,CLAVE_ARTICULO,PRECIO_INICIAL,STATUS_ARTICULO_ID,FECHA_STATUS,TIPO_ARTICULO,SUBASTA_ID) VALUES(142,'churrera','P1861DC000142',332064.75,4,SYSDATE,'P',17);
INSERT INTO ARTICULO(ARTICULO_ID,NOMBRE,CLAVE_ARTICULO,PRECIO_INICIAL,STATUS_ARTICULO_ID,FECHA_STATUS,TIPO_ARTICULO,SUBASTA_ID) VALUES(143,'enceradora (Mara Teresa Martinez)','P1914DC000143',62775.83,3,SYSDATE,'P',16);
INSERT INTO ARTICULO(ARTICULO_ID,NOMBRE,CLAVE_ARTICULO,PRECIO_INICIAL,STATUS_ARTICULO_ID,FECHA_STATUS,TIPO_ARTICULO,SUBASTA_ID) VALUES(144,'espejo de pi (altiquitaca)','P1879DC000144',908830.19,4,SYSDATE,'P',58);
INSERT INTO ARTICULO(ARTICULO_ID,NOMBRE,CLAVE_ARTICULO,PRECIO_INICIAL,STATUS_ARTICULO_ID,FECHA_STATUS,TIPO_ARTICULO,SUBASTA_ID) VALUES(145,'estufa a kerosene Volcn (Lorena Vanina Massa)','P1862DC000145',580066.12,3,SYSDATE,'P',42);
INSERT INTO ARTICULO(ARTICULO_ID,NOMBRE,CLAVE_ARTICULO,PRECIO_INICIAL,STATUS_ARTICULO_ID,FECHA_STATUS,TIPO_ARTICULO,SUBASTA_ID) VALUES(146,'estufa elctrica (Ricardo)','P1896DC000146',860666.62,2,SYSDATE,'P',9);
INSERT INTO ARTICULO(ARTICULO_ID,NOMBRE,CLAVE_ARTICULO,PRECIO_INICIAL,STATUS_ARTICULO_ID,FECHA_STATUS,TIPO_ARTICULO,SUBASTA_ID) VALUES(147,'estufa de vela a kerosene','P1892DC000147',132106.86,3,SYSDATE,'P',9);
INSERT INTO ARTICULO(ARTICULO_ID,NOMBRE,CLAVE_ARTICULO,PRECIO_INICIAL,STATUS_ARTICULO_ID,FECHA_STATUS,TIPO_ARTICULO,SUBASTA_ID) VALUES(148,'exprimidor','P1938DC000148',1002411.19,2,SYSDATE,'P',12);
INSERT INTO ARTICULO(ARTICULO_ID,NOMBRE,CLAVE_ARTICULO,PRECIO_INICIAL,STATUS_ARTICULO_ID,FECHA_STATUS,TIPO_ARTICULO,SUBASTA_ID) VALUES(149,'farol a querosene (Maximiliano Damin Massa)','P1855DC000149',843683.81,2,SYSDATE,'P',29);
INSERT INTO ARTICULO(ARTICULO_ID,NOMBRE,CLAVE_ARTICULO,PRECIO_INICIAL,STATUS_ARTICULO_ID,FECHA_STATUS,TIPO_ARTICULO,SUBASTA_ID) VALUES(150,'filmadora','P1932DC000150',129108.8,3,SYSDATE,'P',45);
INSERT INTO ARTICULO(ARTICULO_ID,NOMBRE,CLAVE_ARTICULO,PRECIO_INICIAL,STATUS_ARTICULO_ID,FECHA_STATUS,TIPO_ARTICULO,SUBASTA_ID) VALUES(151,'filmadora de cine (altiquitaca.com)','P1875DC000151',96475.88,2,SYSDATE,'P',52);
INSERT INTO ARTICULO(ARTICULO_ID,NOMBRE,CLAVE_ARTICULO,PRECIO_INICIAL,STATUS_ARTICULO_ID,FECHA_STATUS,TIPO_ARTICULO,SUBASTA_ID) VALUES(152,'filmadora Kodak','P1900DC000152',439235.38,3,SYSDATE,'P',31);
INSERT INTO ARTICULO(ARTICULO_ID,NOMBRE,CLAVE_ARTICULO,PRECIO_INICIAL,STATUS_ARTICULO_ID,FECHA_STATUS,TIPO_ARTICULO,SUBASTA_ID) VALUES(153,'fongrafo','P1841DC000153',627763.69,3,SYSDATE,'P',59);
INSERT INTO ARTICULO(ARTICULO_ID,NOMBRE,CLAVE_ARTICULO,PRECIO_INICIAL,STATUS_ARTICULO_ID,FECHA_STATUS,TIPO_ARTICULO,SUBASTA_ID) VALUES(154,'frasco de vidrio','P1806DC000154',537033.94,2,SYSDATE,'P',22);
INSERT INTO ARTICULO(ARTICULO_ID,NOMBRE,CLAVE_ARTICULO,PRECIO_INICIAL,STATUS_ARTICULO_ID,FECHA_STATUS,TIPO_ARTICULO,SUBASTA_ID) VALUES(155,'heladera a hielo','P1869DC000155',809408.56,3,SYSDATE,'P',1);
INSERT INTO ARTICULO(ARTICULO_ID,NOMBRE,CLAVE_ARTICULO,PRECIO_INICIAL,STATUS_ARTICULO_ID,FECHA_STATUS,TIPO_ARTICULO,SUBASTA_ID) VALUES(156,'Hesperidina - bebida (Claudio Tasillo)','P1859DC000156',448075,2,SYSDATE,'P',53);
INSERT INTO ARTICULO(ARTICULO_ID,NOMBRE,CLAVE_ARTICULO,PRECIO_INICIAL,STATUS_ARTICULO_ID,FECHA_STATUS,TIPO_ARTICULO,SUBASTA_ID) VALUES(157,'incenciario (Merkantiguo)','P1859DC000157',512596.03,2,SYSDATE,'P',36);
INSERT INTO ARTICULO(ARTICULO_ID,NOMBRE,CLAVE_ARTICULO,PRECIO_INICIAL,STATUS_ARTICULO_ID,FECHA_STATUS,TIPO_ARTICULO,SUBASTA_ID) VALUES(158,'jarra de vino de cobre','P1868DC000158',792025.06,2,SYSDATE,'P',55);
INSERT INTO ARTICULO(ARTICULO_ID,NOMBRE,CLAVE_ARTICULO,PRECIO_INICIAL,STATUS_ARTICULO_ID,FECHA_STATUS,TIPO_ARTICULO,SUBASTA_ID) VALUES(159,'jarra y palangana','P1935DC000159',775916,1,SYSDATE,'P',5);
INSERT INTO ARTICULO(ARTICULO_ID,NOMBRE,CLAVE_ARTICULO,PRECIO_INICIAL,STATUS_ARTICULO_ID,FECHA_STATUS,TIPO_ARTICULO,SUBASTA_ID) VALUES(160,'lmpara a carburo','P1805DC000160',440662.56,2,SYSDATE,'P',59);
INSERT INTO ARTICULO(ARTICULO_ID,NOMBRE,CLAVE_ARTICULO,PRECIO_INICIAL,STATUS_ARTICULO_ID,FECHA_STATUS,TIPO_ARTICULO,SUBASTA_ID) VALUES(161,'lmpara a querosene','P1887DC000161',1001800.75,2,SYSDATE,'P',59);
INSERT INTO ARTICULO(ARTICULO_ID,NOMBRE,CLAVE_ARTICULO,PRECIO_INICIAL,STATUS_ARTICULO_ID,FECHA_STATUS,TIPO_ARTICULO,SUBASTA_ID) VALUES(162,'lmpara de flash fotogrfico(Mariano)','P1898DC000162',343706.97,3,SYSDATE,'P',4);
INSERT INTO ARTICULO(ARTICULO_ID,NOMBRE,CLAVE_ARTICULO,PRECIO_INICIAL,STATUS_ARTICULO_ID,FECHA_STATUS,TIPO_ARTICULO,SUBASTA_ID) VALUES(163,'lata de pomada Tigre (Mariano)','P1828DC000163',219518.02,4,SYSDATE,'P',14);
INSERT INTO ARTICULO(ARTICULO_ID,NOMBRE,CLAVE_ARTICULO,PRECIO_INICIAL,STATUS_ARTICULO_ID,FECHA_STATUS,TIPO_ARTICULO,SUBASTA_ID) VALUES(164,'lata de caf','P1930DC000164',316939.59,4,SYSDATE,'P',1);
INSERT INTO ARTICULO(ARTICULO_ID,NOMBRE,CLAVE_ARTICULO,PRECIO_INICIAL,STATUS_ARTICULO_ID,FECHA_STATUS,TIPO_ARTICULO,SUBASTA_ID) VALUES(165,'luces de navidad (Sara Bisone)','P1914DC000165',197792,2,SYSDATE,'P',7);
INSERT INTO ARTICULO(ARTICULO_ID,NOMBRE,CLAVE_ARTICULO,PRECIO_INICIAL,STATUS_ARTICULO_ID,FECHA_STATUS,TIPO_ARTICULO,SUBASTA_ID) VALUES(166,'ogotipo RCA Victor ','P1872DC000166',183929.02,3,SYSDATE,'P',6);
INSERT INTO ARTICULO(ARTICULO_ID,NOMBRE,CLAVE_ARTICULO,PRECIO_INICIAL,STATUS_ARTICULO_ID,FECHA_STATUS,TIPO_ARTICULO,SUBASTA_ID) VALUES(167,'llamador (altiquitaca.com)','P1812DC000167',758307.25,3,SYSDATE,'P',25);
INSERT INTO ARTICULO(ARTICULO_ID,NOMBRE,CLAVE_ARTICULO,PRECIO_INICIAL,STATUS_ARTICULO_ID,FECHA_STATUS,TIPO_ARTICULO,SUBASTA_ID) VALUES(168,'llave','P1939DC000168',862599.44,2,SYSDATE,'P',52);
INSERT INTO ARTICULO(ARTICULO_ID,NOMBRE,CLAVE_ARTICULO,PRECIO_INICIAL,STATUS_ARTICULO_ID,FECHA_STATUS,TIPO_ARTICULO,SUBASTA_ID) VALUES(169,'lluvia de ducha (Mariano)','P1828DC000169',440057.72,2,SYSDATE,'P',37);
INSERT INTO ARTICULO(ARTICULO_ID,NOMBRE,CLAVE_ARTICULO,PRECIO_INICIAL,STATUS_ARTICULO_ID,FECHA_STATUS,TIPO_ARTICULO,SUBASTA_ID) VALUES(170,'mandolina ','P1884DC000170',549682.94,2,SYSDATE,'P',22);
INSERT INTO ARTICULO(ARTICULO_ID,NOMBRE,CLAVE_ARTICULO,PRECIO_INICIAL,STATUS_ARTICULO_ID,FECHA_STATUS,TIPO_ARTICULO,SUBASTA_ID) VALUES(171,'mquina de coser','P1839DC000171',866597.12,2,SYSDATE,'P',25);
INSERT INTO ARTICULO(ARTICULO_ID,NOMBRE,CLAVE_ARTICULO,PRECIO_INICIAL,STATUS_ARTICULO_ID,FECHA_STATUS,TIPO_ARTICULO,SUBASTA_ID) VALUES(172,'mquina de flit','P1822DC000172',729188.12,2,SYSDATE,'P',6);
INSERT INTO ARTICULO(ARTICULO_ID,NOMBRE,CLAVE_ARTICULO,PRECIO_INICIAL,STATUS_ARTICULO_ID,FECHA_STATUS,TIPO_ARTICULO,SUBASTA_ID) VALUES(173,'molinillo de cafe (Nicolas Pezzot)','P1949DC000173',462193.34,4,SYSDATE,'P',1);
INSERT INTO ARTICULO(ARTICULO_ID,NOMBRE,CLAVE_ARTICULO,PRECIO_INICIAL,STATUS_ARTICULO_ID,FECHA_STATUS,TIPO_ARTICULO,SUBASTA_ID) VALUES(174,'molinillo de cafe para colgar','P1843DC000174',105443.83,2,SYSDATE,'P',23);
INSERT INTO ARTICULO(ARTICULO_ID,NOMBRE,CLAVE_ARTICULO,PRECIO_INICIAL,STATUS_ARTICULO_ID,FECHA_STATUS,TIPO_ARTICULO,SUBASTA_ID) VALUES(175,'mortero de bronce(altiquitaca.com)','P1917DC000175',1002800.44,2,SYSDATE,'P',54);
INSERT INTO ARTICULO(ARTICULO_ID,NOMBRE,CLAVE_ARTICULO,PRECIO_INICIAL,STATUS_ARTICULO_ID,FECHA_STATUS,TIPO_ARTICULO,SUBASTA_ID) VALUES(176,'mesita de luz','P1916DC000176',917693.06,1,SYSDATE,'P',44);
INSERT INTO ARTICULO(ARTICULO_ID,NOMBRE,CLAVE_ARTICULO,PRECIO_INICIAL,STATUS_ARTICULO_ID,FECHA_STATUS,TIPO_ARTICULO,SUBASTA_ID) VALUES(177,'olla de hierro','P1924DC000177',343354.94,4,SYSDATE,'P',53);
INSERT INTO ARTICULO(ARTICULO_ID,NOMBRE,CLAVE_ARTICULO,PRECIO_INICIAL,STATUS_ARTICULO_ID,FECHA_STATUS,TIPO_ARTICULO,SUBASTA_ID) VALUES(178,'palo marcar ravioles','P1841DC000178',252916.36,2,SYSDATE,'P',3);
INSERT INTO ARTICULO(ARTICULO_ID,NOMBRE,CLAVE_ARTICULO,PRECIO_INICIAL,STATUS_ARTICULO_ID,FECHA_STATUS,TIPO_ARTICULO,SUBASTA_ID) VALUES(179,'panera','P1887DC000179',269535.53,2,SYSDATE,'P',60);
INSERT INTO ARTICULO(ARTICULO_ID,NOMBRE,CLAVE_ARTICULO,PRECIO_INICIAL,STATUS_ARTICULO_ID,FECHA_STATUS,TIPO_ARTICULO,SUBASTA_ID) VALUES(180,'pava','P1844DC000180',648462.62,1,SYSDATE,'P',56);
INSERT INTO ARTICULO(ARTICULO_ID,NOMBRE,CLAVE_ARTICULO,PRECIO_INICIAL,STATUS_ARTICULO_ID,FECHA_STATUS,TIPO_ARTICULO,SUBASTA_ID) VALUES(181,'picadora de carne','P1930DC000181',30773.21,2,SYSDATE,'P',35);
INSERT INTO ARTICULO(ARTICULO_ID,NOMBRE,CLAVE_ARTICULO,PRECIO_INICIAL,STATUS_ARTICULO_ID,FECHA_STATUS,TIPO_ARTICULO,SUBASTA_ID) VALUES(182,'Pineral -aperitivo- (Chino)','P1856DC000182',318703.44,2,SYSDATE,'P',2);
INSERT INTO ARTICULO(ARTICULO_ID,NOMBRE,CLAVE_ARTICULO,PRECIO_INICIAL,STATUS_ARTICULO_ID,FECHA_STATUS,TIPO_ARTICULO,SUBASTA_ID) VALUES(183,'Pistola para decorar tortas (Merkantiguo)','P1911DC000183',738558.19,2,SYSDATE,'P',56);
INSERT INTO ARTICULO(ARTICULO_ID,NOMBRE,CLAVE_ARTICULO,PRECIO_INICIAL,STATUS_ARTICULO_ID,FECHA_STATUS,TIPO_ARTICULO,SUBASTA_ID) VALUES(184,'plancha ','P1873DC000184',993463,2,SYSDATE,'P',17);
INSERT INTO ARTICULO(ARTICULO_ID,NOMBRE,CLAVE_ARTICULO,PRECIO_INICIAL,STATUS_ARTICULO_ID,FECHA_STATUS,TIPO_ARTICULO,SUBASTA_ID) VALUES(185,'plancha a querosene','P1888DC000185',492197.25,4,SYSDATE,'P',35);
INSERT INTO ARTICULO(ARTICULO_ID,NOMBRE,CLAVE_ARTICULO,PRECIO_INICIAL,STATUS_ARTICULO_ID,FECHA_STATUS,TIPO_ARTICULO,SUBASTA_ID) VALUES(186,'plancha a carbn','P1800DC000186',504205.97,3,SYSDATE,'P',34);
INSERT INTO ARTICULO(ARTICULO_ID,NOMBRE,CLAVE_ARTICULO,PRECIO_INICIAL,STATUS_ARTICULO_ID,FECHA_STATUS,TIPO_ARTICULO,SUBASTA_ID) VALUES(187,'portalmpara Victoria (Mariano)','P1878DC000187',120971.29,4,SYSDATE,'P',31);
INSERT INTO ARTICULO(ARTICULO_ID,NOMBRE,CLAVE_ARTICULO,PRECIO_INICIAL,STATUS_ARTICULO_ID,FECHA_STATUS,TIPO_ARTICULO,SUBASTA_ID) VALUES(188,'porta retrato de plata (Mariano)','P1947DC000188',671294.06,3,SYSDATE,'P',53);
INSERT INTO ARTICULO(ARTICULO_ID,NOMBRE,CLAVE_ARTICULO,PRECIO_INICIAL,STATUS_ARTICULO_ID,FECHA_STATUS,TIPO_ARTICULO,SUBASTA_ID) VALUES(189,'proyector de pelculas','P1834DC000189',620612.75,4,SYSDATE,'P',24);
INSERT INTO ARTICULO(ARTICULO_ID,NOMBRE,CLAVE_ARTICULO,PRECIO_INICIAL,STATUS_ARTICULO_ID,FECHA_STATUS,TIPO_ARTICULO,SUBASTA_ID) VALUES(190,'proyector super 8 mm (altiquitaca.com)','P1853DC000190',647100.31,4,SYSDATE,'P',35);
INSERT INTO ARTICULO(ARTICULO_ID,NOMBRE,CLAVE_ARTICULO,PRECIO_INICIAL,STATUS_ARTICULO_ID,FECHA_STATUS,TIPO_ARTICULO,SUBASTA_ID) VALUES(191,'purificador de agua','P1946DC000191',292262.59,4,SYSDATE,'P',58);
INSERT INTO ARTICULO(ARTICULO_ID,NOMBRE,CLAVE_ARTICULO,PRECIO_INICIAL,STATUS_ARTICULO_ID,FECHA_STATUS,TIPO_ARTICULO,SUBASTA_ID) VALUES(192,'radio capilla a vlvulas','P1890DC000192',961049.12,2,SYSDATE,'P',24);
INSERT INTO ARTICULO(ARTICULO_ID,NOMBRE,CLAVE_ARTICULO,PRECIO_INICIAL,STATUS_ARTICULO_ID,FECHA_STATUS,TIPO_ARTICULO,SUBASTA_ID) VALUES(193,'radio de mesa (Alejandro Mori)','P1841DC000193',858306.06,3,SYSDATE,'P',29);
INSERT INTO ARTICULO(ARTICULO_ID,NOMBRE,CLAVE_ARTICULO,PRECIO_INICIAL,STATUS_ARTICULO_ID,FECHA_STATUS,TIPO_ARTICULO,SUBASTA_ID) VALUES(194,'radio de pi (altiquitaca)','P1941DC000194',40029.61,4,SYSDATE,'P',51);
INSERT INTO ARTICULO(ARTICULO_ID,NOMBRE,CLAVE_ARTICULO,PRECIO_INICIAL,STATUS_ARTICULO_ID,FECHA_STATUS,TIPO_ARTICULO,SUBASTA_ID) VALUES(195,'radio de pi con patas (altiquitaca)','P1834DC000195',292075.22,3,SYSDATE,'P',44);
INSERT INTO ARTICULO(ARTICULO_ID,NOMBRE,CLAVE_ARTICULO,PRECIO_INICIAL,STATUS_ARTICULO_ID,FECHA_STATUS,TIPO_ARTICULO,SUBASTA_ID) VALUES(196,'radio portatil Spica','P1891DC000196',778018.31,2,SYSDATE,'P',20);
INSERT INTO ARTICULO(ARTICULO_ID,NOMBRE,CLAVE_ARTICULO,PRECIO_INICIAL,STATUS_ARTICULO_ID,FECHA_STATUS,TIPO_ARTICULO,SUBASTA_ID) VALUES(197,'radio portatil Spica de Luxe ','P1898DC000197',133322.83,2,SYSDATE,'P',36);
INSERT INTO ARTICULO(ARTICULO_ID,NOMBRE,CLAVE_ARTICULO,PRECIO_INICIAL,STATUS_ARTICULO_ID,FECHA_STATUS,TIPO_ARTICULO,SUBASTA_ID) VALUES(198,'rallador de queso','P1874DC000198',779683.88,2,SYSDATE,'P',3);
INSERT INTO ARTICULO(ARTICULO_ID,NOMBRE,CLAVE_ARTICULO,PRECIO_INICIAL,STATUS_ARTICULO_ID,FECHA_STATUS,TIPO_ARTICULO,SUBASTA_ID) VALUES(199,'reloj ampolleta a cuerda ','P1846DC000199',810215.69,1,SYSDATE,'P',26);
INSERT INTO ARTICULO(ARTICULO_ID,NOMBRE,CLAVE_ARTICULO,PRECIO_INICIAL,STATUS_ARTICULO_ID,FECHA_STATUS,TIPO_ARTICULO,SUBASTA_ID) VALUES(200,'reloj de mesa','P1928DC000200',572398.38,2,SYSDATE,'P',39);
INSERT INTO ARTICULO(ARTICULO_ID,NOMBRE,CLAVE_ARTICULO,PRECIO_INICIAL,STATUS_ARTICULO_ID,FECHA_STATUS,TIPO_ARTICULO,SUBASTA_ID) VALUES(201,'reloj de pared con calendario','P1947DC000201',108594.99,1,SYSDATE,'P',42);
INSERT INTO ARTICULO(ARTICULO_ID,NOMBRE,CLAVE_ARTICULO,PRECIO_INICIAL,STATUS_ARTICULO_ID,FECHA_STATUS,TIPO_ARTICULO,SUBASTA_ID) VALUES(202,'reloj de pared con termmetro (Pablo Herrera)','P1921DC000202',378233.06,4,SYSDATE,'P',17);
INSERT INTO ARTICULO(ARTICULO_ID,NOMBRE,CLAVE_ARTICULO,PRECIO_INICIAL,STATUS_ARTICULO_ID,FECHA_STATUS,TIPO_ARTICULO,SUBASTA_ID) VALUES(203,'reloj de pared con pndulo (Luis Massa)','P1936DC000203',843256,2,SYSDATE,'P',57);
INSERT INTO ARTICULO(ARTICULO_ID,NOMBRE,CLAVE_ARTICULO,PRECIO_INICIAL,STATUS_ARTICULO_ID,FECHA_STATUS,TIPO_ARTICULO,SUBASTA_ID) VALUES(204,'reloj cuc','P1882DC000204',861586.19,4,SYSDATE,'P',20);
INSERT INTO ARTICULO(ARTICULO_ID,NOMBRE,CLAVE_ARTICULO,PRECIO_INICIAL,STATUS_ARTICULO_ID,FECHA_STATUS,TIPO_ARTICULO,SUBASTA_ID) VALUES(205,'reproductor de magazines ','P1873DC000205',932488.06,1,SYSDATE,'P',10);
INSERT INTO ARTICULO(ARTICULO_ID,NOMBRE,CLAVE_ARTICULO,PRECIO_INICIAL,STATUS_ARTICULO_ID,FECHA_STATUS,TIPO_ARTICULO,SUBASTA_ID) VALUES(206,'rompe nueces','P1947DC000206',659116.19,2,SYSDATE,'P',51);
INSERT INTO ARTICULO(ARTICULO_ID,NOMBRE,CLAVE_ARTICULO,PRECIO_INICIAL,STATUS_ARTICULO_ID,FECHA_STATUS,TIPO_ARTICULO,SUBASTA_ID) VALUES(207,'rosa de los vientos','P1818DC000207',160188.28,2,SYSDATE,'P',7);
INSERT INTO ARTICULO(ARTICULO_ID,NOMBRE,CLAVE_ARTICULO,PRECIO_INICIAL,STATUS_ARTICULO_ID,FECHA_STATUS,TIPO_ARTICULO,SUBASTA_ID) VALUES(208,'sacacorchos 1','P1925DC000208',887298.56,2,SYSDATE,'P',11);
INSERT INTO ARTICULO(ARTICULO_ID,NOMBRE,CLAVE_ARTICULO,PRECIO_INICIAL,STATUS_ARTICULO_ID,FECHA_STATUS,TIPO_ARTICULO,SUBASTA_ID) VALUES(209,'sacacorchos 2 (Nicols Pezzot)','P1944DC000209',649246.06,3,SYSDATE,'P',48);
INSERT INTO ARTICULO(ARTICULO_ID,NOMBRE,CLAVE_ARTICULO,PRECIO_INICIAL,STATUS_ARTICULO_ID,FECHA_STATUS,TIPO_ARTICULO,SUBASTA_ID) VALUES(210,'sacude alfombras (Familia Pezzot)','P1919DC000210',280479.03,4,SYSDATE,'P',23);
INSERT INTO ARTICULO(ARTICULO_ID,NOMBRE,CLAVE_ARTICULO,PRECIO_INICIAL,STATUS_ARTICULO_ID,FECHA_STATUS,TIPO_ARTICULO,SUBASTA_ID) VALUES(211,'salpimentero','P1802DC000211',450941.81,2,SYSDATE,'P',47);
INSERT INTO ARTICULO(ARTICULO_ID,NOMBRE,CLAVE_ARTICULO,PRECIO_INICIAL,STATUS_ARTICULO_ID,FECHA_STATUS,TIPO_ARTICULO,SUBASTA_ID) VALUES(212,'secador de pelo (Ernesto Bernal)','P1865DC000212',100672.02,1,SYSDATE,'P',16);
INSERT INTO ARTICULO(ARTICULO_ID,NOMBRE,CLAVE_ARTICULO,PRECIO_INICIAL,STATUS_ARTICULO_ID,FECHA_STATUS,TIPO_ARTICULO,SUBASTA_ID) VALUES(213,'sifn de soda','P1880DC000213',178788.8,2,SYSDATE,'P',48);
INSERT INTO ARTICULO(ARTICULO_ID,NOMBRE,CLAVE_ARTICULO,PRECIO_INICIAL,STATUS_ARTICULO_ID,FECHA_STATUS,TIPO_ARTICULO,SUBASTA_ID) VALUES(214,'sifn de soda con cartucho','P1865DC000214',582091.06,2,SYSDATE,'P',20);
INSERT INTO ARTICULO(ARTICULO_ID,NOMBRE,CLAVE_ARTICULO,PRECIO_INICIAL,STATUS_ARTICULO_ID,FECHA_STATUS,TIPO_ARTICULO,SUBASTA_ID) VALUES(215,'sol de noche','P1847DC000215',548173.44,2,SYSDATE,'P',46);
INSERT INTO ARTICULO(ARTICULO_ID,NOMBRE,CLAVE_ARTICULO,PRECIO_INICIAL,STATUS_ARTICULO_ID,FECHA_STATUS,TIPO_ARTICULO,SUBASTA_ID) VALUES(216,'tabla de lavar la ropa','P1914DC000216',921664.06,2,SYSDATE,'P',15);
INSERT INTO ARTICULO(ARTICULO_ID,NOMBRE,CLAVE_ARTICULO,PRECIO_INICIAL,STATUS_ARTICULO_ID,FECHA_STATUS,TIPO_ARTICULO,SUBASTA_ID) VALUES(217,'t Sol','P1923DC000217',307541.94,2,SYSDATE,'P',41);
INSERT INTO ARTICULO(ARTICULO_ID,NOMBRE,CLAVE_ARTICULO,PRECIO_INICIAL,STATUS_ARTICULO_ID,FECHA_STATUS,TIPO_ARTICULO,SUBASTA_ID) VALUES(218,'t Tigre en lata (Chino)','P1874DC000218',835362.88,4,SYSDATE,'P',50);
INSERT INTO ARTICULO(ARTICULO_ID,NOMBRE,CLAVE_ARTICULO,PRECIO_INICIAL,STATUS_ARTICULO_ID,FECHA_STATUS,TIPO_ARTICULO,SUBASTA_ID) VALUES(219,'telfono de baquelita','P1889DC000219',910594.88,1,SYSDATE,'P',26);
INSERT INTO ARTICULO(ARTICULO_ID,NOMBRE,CLAVE_ARTICULO,PRECIO_INICIAL,STATUS_ARTICULO_ID,FECHA_STATUS,TIPO_ARTICULO,SUBASTA_ID) VALUES(220,'telfono de baquelita (2) ','P1900DC000220',493488.03,2,SYSDATE,'P',41);
INSERT INTO ARTICULO(ARTICULO_ID,NOMBRE,CLAVE_ARTICULO,PRECIO_INICIAL,STATUS_ARTICULO_ID,FECHA_STATUS,TIPO_ARTICULO,SUBASTA_ID) VALUES(221,'telfono de cobre','P1859DC000221',445457.81,2,SYSDATE,'P',27);
INSERT INTO ARTICULO(ARTICULO_ID,NOMBRE,CLAVE_ARTICULO,PRECIO_INICIAL,STATUS_ARTICULO_ID,FECHA_STATUS,TIPO_ARTICULO,SUBASTA_ID) VALUES(222,'telfono de pared','P1835DC000222',391122.62,3,SYSDATE,'P',12);
INSERT INTO ARTICULO(ARTICULO_ID,NOMBRE,CLAVE_ARTICULO,PRECIO_INICIAL,STATUS_ARTICULO_ID,FECHA_STATUS,TIPO_ARTICULO,SUBASTA_ID) VALUES(223,'telfono de pi','P1924DC000223',635201.06,2,SYSDATE,'P',55);
INSERT INTO ARTICULO(ARTICULO_ID,NOMBRE,CLAVE_ARTICULO,PRECIO_INICIAL,STATUS_ARTICULO_ID,FECHA_STATUS,TIPO_ARTICULO,SUBASTA_ID) VALUES(224,'telfonos varios','P1872DC000224',958480.31,2,SYSDATE,'P',57);
INSERT INTO ARTICULO(ARTICULO_ID,NOMBRE,CLAVE_ARTICULO,PRECIO_INICIAL,STATUS_ARTICULO_ID,FECHA_STATUS,TIPO_ARTICULO,SUBASTA_ID) VALUES(225,'tetera con mechero (altiquitaca.com)','P1870DC000225',999110.75,4,SYSDATE,'P',54);
INSERT INTO ARTICULO(ARTICULO_ID,NOMBRE,CLAVE_ARTICULO,PRECIO_INICIAL,STATUS_ARTICULO_ID,FECHA_STATUS,TIPO_ARTICULO,SUBASTA_ID) VALUES(226,'tetera de cobre con grifo (rusttico.com)','P1887DC000226',666100.75,1,SYSDATE,'P',27);
INSERT INTO ARTICULO(ARTICULO_ID,NOMBRE,CLAVE_ARTICULO,PRECIO_INICIAL,STATUS_ARTICULO_ID,FECHA_STATUS,TIPO_ARTICULO,SUBASTA_ID) VALUES(227,'timbre elctrico','P1819DC000227',626115.31,2,SYSDATE,'P',10);
INSERT INTO ARTICULO(ARTICULO_ID,NOMBRE,CLAVE_ARTICULO,PRECIO_INICIAL,STATUS_ARTICULO_ID,FECHA_STATUS,TIPO_ARTICULO,SUBASTA_ID) VALUES(228,'traba de puerta','P1856DC000228',118710.87,1,SYSDATE,'P',46);
INSERT INTO ARTICULO(ARTICULO_ID,NOMBRE,CLAVE_ARTICULO,PRECIO_INICIAL,STATUS_ARTICULO_ID,FECHA_STATUS,TIPO_ARTICULO,SUBASTA_ID) VALUES(229,'vajilla de caf','P1818DC000229',86727.5,2,SYSDATE,'P',42);
INSERT INTO ARTICULO(ARTICULO_ID,NOMBRE,CLAVE_ARTICULO,PRECIO_INICIAL,STATUS_ARTICULO_ID,FECHA_STATUS,TIPO_ARTICULO,SUBASTA_ID) VALUES(230,'vlvula electrnica','P1887DC000230',386609.91,2,SYSDATE,'P',9);
INSERT INTO ARTICULO(ARTICULO_ID,NOMBRE,CLAVE_ARTICULO,PRECIO_INICIAL,STATUS_ARTICULO_ID,FECHA_STATUS,TIPO_ARTICULO,SUBASTA_ID) VALUES(231,'velador','P1844DC000231',189369.91,3,SYSDATE,'P',42);
INSERT INTO ARTICULO(ARTICULO_ID,NOMBRE,CLAVE_ARTICULO,PRECIO_INICIAL,STATUS_ARTICULO_ID,FECHA_STATUS,TIPO_ARTICULO,SUBASTA_ID) VALUES(232,'ventilador de mesa','P1844DC000232',212813.53,3,SYSDATE,'P',16);
INSERT INTO ARTICULO(ARTICULO_ID,NOMBRE,CLAVE_ARTICULO,PRECIO_INICIAL,STATUS_ARTICULO_ID,FECHA_STATUS,TIPO_ARTICULO,SUBASTA_ID) VALUES(233,'ventilador de mesa chico (Lubricentro Luis)','P1856DC000233',978240,4,SYSDATE,'P',3);
INSERT INTO ARTICULO(ARTICULO_ID,NOMBRE,CLAVE_ARTICULO,PRECIO_INICIAL,STATUS_ARTICULO_ID,FECHA_STATUS,TIPO_ARTICULO,SUBASTA_ID) VALUES(234,'victrola','P1853DC000234',16697.13,2,SYSDATE,'P',41);
INSERT INTO ARTICULO(ARTICULO_ID,NOMBRE,CLAVE_ARTICULO,PRECIO_INICIAL,STATUS_ARTICULO_ID,FECHA_STATUS,TIPO_ARTICULO,SUBASTA_ID) VALUES(235,'abridores de sobres (Alejandro Opmanis)','P1900DC000235',245790.05,1,SYSDATE,'P',4);
INSERT INTO ARTICULO(ARTICULO_ID,NOMBRE,CLAVE_ARTICULO,PRECIO_INICIAL,STATUS_ARTICULO_ID,FECHA_STATUS,TIPO_ARTICULO,SUBASTA_ID) VALUES(236,'balanza de almacen','P1869DC000236',939925.69,4,SYSDATE,'P',7);
INSERT INTO ARTICULO(ARTICULO_ID,NOMBRE,CLAVE_ARTICULO,PRECIO_INICIAL,STATUS_ARTICULO_ID,FECHA_STATUS,TIPO_ARTICULO,SUBASTA_ID) VALUES(237,'balanza de dos platos','P1934DC000237',81924.27,2,SYSDATE,'P',40);
INSERT INTO ARTICULO(ARTICULO_ID,NOMBRE,CLAVE_ARTICULO,PRECIO_INICIAL,STATUS_ARTICULO_ID,FECHA_STATUS,TIPO_ARTICULO,SUBASTA_ID) VALUES(238,'balanzas de colgar','P1872DC000238',838083.62,2,SYSDATE,'P',35);
INSERT INTO ARTICULO(ARTICULO_ID,NOMBRE,CLAVE_ARTICULO,PRECIO_INICIAL,STATUS_ARTICULO_ID,FECHA_STATUS,TIPO_ARTICULO,SUBASTA_ID) VALUES(239,'balanza de precisin (merkantiguo.com)','P1893DC000239',558252.94,4,SYSDATE,'P',18);
INSERT INTO ARTICULO(ARTICULO_ID,NOMBRE,CLAVE_ARTICULO,PRECIO_INICIAL,STATUS_ARTICULO_ID,FECHA_STATUS,TIPO_ARTICULO,SUBASTA_ID) VALUES(240,'balanzas de un plato','P1836DC000240',792291.12,3,SYSDATE,'P',49);
INSERT INTO ARTICULO(ARTICULO_ID,NOMBRE,CLAVE_ARTICULO,PRECIO_INICIAL,STATUS_ARTICULO_ID,FECHA_STATUS,TIPO_ARTICULO,SUBASTA_ID) VALUES(241,'balanza para cartas ','P1825DC000241',518915.34,4,SYSDATE,'P',18);
INSERT INTO ARTICULO(ARTICULO_ID,NOMBRE,CLAVE_ARTICULO,PRECIO_INICIAL,STATUS_ARTICULO_ID,FECHA_STATUS,TIPO_ARTICULO,SUBASTA_ID) VALUES(242,'balanza para pesar bebes (Walter)','P1839DC000242',720497.25,2,SYSDATE,'P',50);
INSERT INTO ARTICULO(ARTICULO_ID,NOMBRE,CLAVE_ARTICULO,PRECIO_INICIAL,STATUS_ARTICULO_ID,FECHA_STATUS,TIPO_ARTICULO,SUBASTA_ID) VALUES(243,'bandeja portapapeles ','P1817DC000243',854943.75,3,SYSDATE,'P',45);
INSERT INTO ARTICULO(ARTICULO_ID,NOMBRE,CLAVE_ARTICULO,PRECIO_INICIAL,STATUS_ARTICULO_ID,FECHA_STATUS,TIPO_ARTICULO,SUBASTA_ID) VALUES(244,'cafetera express de bar','P1897DC000244',219994.77,3,SYSDATE,'P',1);
INSERT INTO ARTICULO(ARTICULO_ID,NOMBRE,CLAVE_ARTICULO,PRECIO_INICIAL,STATUS_ARTICULO_ID,FECHA_STATUS,TIPO_ARTICULO,SUBASTA_ID) VALUES(245,'caja registradora','P1903DC000245',327865.88,2,SYSDATE,'P',29);
INSERT INTO ARTICULO(ARTICULO_ID,NOMBRE,CLAVE_ARTICULO,PRECIO_INICIAL,STATUS_ARTICULO_ID,FECHA_STATUS,TIPO_ARTICULO,SUBASTA_ID) VALUES(246,'caja registradora National (rusttico.com)','P1813DC000246',223541.06,3,SYSDATE,'P',4);
INSERT INTO ARTICULO(ARTICULO_ID,NOMBRE,CLAVE_ARTICULO,PRECIO_INICIAL,STATUS_ARTICULO_ID,FECHA_STATUS,TIPO_ARTICULO,SUBASTA_ID) VALUES(247,'caramelera','P1877DC000247',496832.56,2,SYSDATE,'P',10);
INSERT INTO ARTICULO(ARTICULO_ID,NOMBRE,CLAVE_ARTICULO,PRECIO_INICIAL,STATUS_ARTICULO_ID,FECHA_STATUS,TIPO_ARTICULO,SUBASTA_ID) VALUES(248,'cortadora de fiambre manual (Alberto Martinez)','P1930DC000248',144460.08,2,SYSDATE,'P',15);
INSERT INTO ARTICULO(ARTICULO_ID,NOMBRE,CLAVE_ARTICULO,PRECIO_INICIAL,STATUS_ARTICULO_ID,FECHA_STATUS,TIPO_ARTICULO,SUBASTA_ID) VALUES(249,'escritorio biblioteca','P1870DC000249',124240.78,2,SYSDATE,'P',55);
INSERT INTO ARTICULO(ARTICULO_ID,NOMBRE,CLAVE_ARTICULO,PRECIO_INICIAL,STATUS_ARTICULO_ID,FECHA_STATUS,TIPO_ARTICULO,SUBASTA_ID) VALUES(250,'escritorio neceser','P1822DC000250',305031.28,2,SYSDATE,'P',11);
INSERT INTO ARTICULO(ARTICULO_ID,NOMBRE,CLAVE_ARTICULO,PRECIO_INICIAL,STATUS_ARTICULO_ID,FECHA_STATUS,TIPO_ARTICULO,SUBASTA_ID) VALUES(251,'grabadora de cheques','P1939DC000251',385447.59,2,SYSDATE,'P',6);
INSERT INTO ARTICULO(ARTICULO_ID,NOMBRE,CLAVE_ARTICULO,PRECIO_INICIAL,STATUS_ARTICULO_ID,FECHA_STATUS,TIPO_ARTICULO,SUBASTA_ID) VALUES(252,'goma vegetal o arbica','P1875DC000252',861756.94,4,SYSDATE,'P',54);
INSERT INTO ARTICULO(ARTICULO_ID,NOMBRE,CLAVE_ARTICULO,PRECIO_INICIAL,STATUS_ARTICULO_ID,FECHA_STATUS,TIPO_ARTICULO,SUBASTA_ID) VALUES(253,'lmpara de escritorio','P1839DC000253',602218.62,1,SYSDATE,'P',46);
INSERT INTO ARTICULO(ARTICULO_ID,NOMBRE,CLAVE_ARTICULO,PRECIO_INICIAL,STATUS_ARTICULO_ID,FECHA_STATUS,TIPO_ARTICULO,SUBASTA_ID) VALUES(254,'lapicera Tintenkuli','P1946DC000254',575775.94,4,SYSDATE,'P',34);
INSERT INTO ARTICULO(ARTICULO_ID,NOMBRE,CLAVE_ARTICULO,PRECIO_INICIAL,STATUS_ARTICULO_ID,FECHA_STATUS,TIPO_ARTICULO,SUBASTA_ID) VALUES(255,'mquina de escribir','P1866DC000255',136121.89,4,SYSDATE,'P',39);
INSERT INTO ARTICULO(ARTICULO_ID,NOMBRE,CLAVE_ARTICULO,PRECIO_INICIAL,STATUS_ARTICULO_ID,FECHA_STATUS,TIPO_ARTICULO,SUBASTA_ID) VALUES(256,'mquina de escribir porttil','P1898DC000256',432428.56,2,SYSDATE,'P',49);
INSERT INTO ARTICULO(ARTICULO_ID,NOMBRE,CLAVE_ARTICULO,PRECIO_INICIAL,STATUS_ARTICULO_ID,FECHA_STATUS,TIPO_ARTICULO,SUBASTA_ID) VALUES(257,'mueble fichero de madera','P1889DC000257',611896.44,3,SYSDATE,'P',40);
INSERT INTO ARTICULO(ARTICULO_ID,NOMBRE,CLAVE_ARTICULO,PRECIO_INICIAL,STATUS_ARTICULO_ID,FECHA_STATUS,TIPO_ARTICULO,SUBASTA_ID) VALUES(258,'mueco de Geniol','P1930DC000258',737056.12,2,SYSDATE,'P',28);
INSERT INTO ARTICULO(ARTICULO_ID,NOMBRE,CLAVE_ARTICULO,PRECIO_INICIAL,STATUS_ARTICULO_ID,FECHA_STATUS,TIPO_ARTICULO,SUBASTA_ID) VALUES(259,'pala de madera (merkantiguo.com)','P1887DC000259',152241.95,3,SYSDATE,'P',23);
INSERT INTO ARTICULO(ARTICULO_ID,NOMBRE,CLAVE_ARTICULO,PRECIO_INICIAL,STATUS_ARTICULO_ID,FECHA_STATUS,TIPO_ARTICULO,SUBASTA_ID) VALUES(260,'perchero de pi','P1941DC000260',241463.27,2,SYSDATE,'P',13);
INSERT INTO ARTICULO(ARTICULO_ID,NOMBRE,CLAVE_ARTICULO,PRECIO_INICIAL,STATUS_ARTICULO_ID,FECHA_STATUS,TIPO_ARTICULO,SUBASTA_ID) VALUES(261,'perforadora de papel ','P1931DC000261',670469.88,2,SYSDATE,'P',26);
INSERT INTO ARTICULO(ARTICULO_ID,NOMBRE,CLAVE_ARTICULO,PRECIO_INICIAL,STATUS_ARTICULO_ID,FECHA_STATUS,TIPO_ARTICULO,SUBASTA_ID) VALUES(262,'porta sellos','P1847DC000262',564608.88,3,SYSDATE,'P',17);
INSERT INTO ARTICULO(ARTICULO_ID,NOMBRE,CLAVE_ARTICULO,PRECIO_INICIAL,STATUS_ARTICULO_ID,FECHA_STATUS,TIPO_ARTICULO,SUBASTA_ID) VALUES(263,'porta tinteros de escritorio','P1853DC000263',127628.27,1,SYSDATE,'P',17);
INSERT INTO ARTICULO(ARTICULO_ID,NOMBRE,CLAVE_ARTICULO,PRECIO_INICIAL,STATUS_ARTICULO_ID,FECHA_STATUS,TIPO_ARTICULO,SUBASTA_ID) VALUES(264,'porta tinteros y lapicera de escritorio','P1897DC000264',530197.88,4,SYSDATE,'P',34);
INSERT INTO ARTICULO(ARTICULO_ID,NOMBRE,CLAVE_ARTICULO,PRECIO_INICIAL,STATUS_ARTICULO_ID,FECHA_STATUS,TIPO_ARTICULO,SUBASTA_ID) VALUES(265,'protector de cheques ','P1882DC000265',673290.31,3,SYSDATE,'P',50);
INSERT INTO ARTICULO(ARTICULO_ID,NOMBRE,CLAVE_ARTICULO,PRECIO_INICIAL,STATUS_ARTICULO_ID,FECHA_STATUS,TIPO_ARTICULO,SUBASTA_ID) VALUES(266,'reloj para el control de asistencia del personal (Merkantiguo)','P1844DC000266',561701.44,2,SYSDATE,'P',30);
INSERT INTO ARTICULO(ARTICULO_ID,NOMBRE,CLAVE_ARTICULO,PRECIO_INICIAL,STATUS_ARTICULO_ID,FECHA_STATUS,TIPO_ARTICULO,SUBASTA_ID) VALUES(267,'sacapunta de oficina','P1891DC000267',677029.81,2,SYSDATE,'P',48);
INSERT INTO ARTICULO(ARTICULO_ID,NOMBRE,CLAVE_ARTICULO,PRECIO_INICIAL,STATUS_ARTICULO_ID,FECHA_STATUS,TIPO_ARTICULO,SUBASTA_ID) VALUES(268,'silln de peluquero ','P1889DC000268',351356.5,3,SYSDATE,'P',18);
INSERT INTO ARTICULO(ARTICULO_ID,NOMBRE,CLAVE_ARTICULO,PRECIO_INICIAL,STATUS_ARTICULO_ID,FECHA_STATUS,TIPO_ARTICULO,SUBASTA_ID) VALUES(269,'sujeta papeles','P1888DC000269',259172.78,4,SYSDATE,'P',48);
INSERT INTO ARTICULO(ARTICULO_ID,NOMBRE,CLAVE_ARTICULO,PRECIO_INICIAL,STATUS_ARTICULO_ID,FECHA_STATUS,TIPO_ARTICULO,SUBASTA_ID) VALUES(270,'telfono con auricular adicional (merkantiguo.com)','P1821DC000270',193925.06,4,SYSDATE,'P',3);
INSERT INTO ARTICULO(ARTICULO_ID,NOMBRE,CLAVE_ARTICULO,PRECIO_INICIAL,STATUS_ARTICULO_ID,FECHA_STATUS,TIPO_ARTICULO,SUBASTA_ID) VALUES(271,'telgrafo','P1828DC000271',248815.33,3,SYSDATE,'P',43);
INSERT INTO ARTICULO(ARTICULO_ID,NOMBRE,CLAVE_ARTICULO,PRECIO_INICIAL,STATUS_ARTICULO_ID,FECHA_STATUS,TIPO_ARTICULO,SUBASTA_ID) VALUES(272,'tinta para sellos','P1940DC000272',579090.31,2,SYSDATE,'P',36);
INSERT INTO ARTICULO(ARTICULO_ID,NOMBRE,CLAVE_ARTICULO,PRECIO_INICIAL,STATUS_ARTICULO_ID,FECHA_STATUS,TIPO_ARTICULO,SUBASTA_ID) VALUES(273,'tintero y portaplumas de onix ','P1851DC000273',754059.94,4,SYSDATE,'P',29);
INSERT INTO ARTICULO(ARTICULO_ID,NOMBRE,CLAVE_ARTICULO,PRECIO_INICIAL,STATUS_ARTICULO_ID,FECHA_STATUS,TIPO_ARTICULO,SUBASTA_ID) VALUES(274,'tinteros varios','P1822DC000274',439625.34,2,SYSDATE,'P',27);
INSERT INTO ARTICULO(ARTICULO_ID,NOMBRE,CLAVE_ARTICULO,PRECIO_INICIAL,STATUS_ARTICULO_ID,FECHA_STATUS,TIPO_ARTICULO,SUBASTA_ID) VALUES(275,'abanico (altiquitaca.com)','P1805DC000275',209296.64,3,SYSDATE,'P',23);
INSERT INTO ARTICULO(ARTICULO_ID,NOMBRE,CLAVE_ARTICULO,PRECIO_INICIAL,STATUS_ARTICULO_ID,FECHA_STATUS,TIPO_ARTICULO,SUBASTA_ID) VALUES(276,'acorden "verdulera" (altiquitaca.com)','P1825DC000276',317799.12,2,SYSDATE,'P',10);
INSERT INTO ARTICULO(ARTICULO_ID,NOMBRE,CLAVE_ARTICULO,PRECIO_INICIAL,STATUS_ARTICULO_ID,FECHA_STATUS,TIPO_ARTICULO,SUBASTA_ID) VALUES(277,'aperitivo Lucera','P1813DC000277',868119.12,2,SYSDATE,'P',39);
INSERT INTO ARTICULO(ARTICULO_ID,NOMBRE,CLAVE_ARTICULO,PRECIO_INICIAL,STATUS_ARTICULO_ID,FECHA_STATUS,TIPO_ARTICULO,SUBASTA_ID) VALUES(278,'billete de lotera','P1808DC000278',242425.42,2,SYSDATE,'P',39);
INSERT INTO ARTICULO(ARTICULO_ID,NOMBRE,CLAVE_ARTICULO,PRECIO_INICIAL,STATUS_ARTICULO_ID,FECHA_STATUS,TIPO_ARTICULO,SUBASTA_ID) VALUES(279,'binocular','P1813DC000279',1004719.88,3,SYSDATE,'P',21);
INSERT INTO ARTICULO(ARTICULO_ID,NOMBRE,CLAVE_ARTICULO,PRECIO_INICIAL,STATUS_ARTICULO_ID,FECHA_STATUS,TIPO_ARTICULO,SUBASTA_ID) VALUES(280,'boquillas para fumar','P1946DC000280',296679.47,1,SYSDATE,'P',34);
INSERT INTO ARTICULO(ARTICULO_ID,NOMBRE,CLAVE_ARTICULO,PRECIO_INICIAL,STATUS_ARTICULO_ID,FECHA_STATUS,TIPO_ARTICULO,SUBASTA_ID) VALUES(281,'bolsa de golf (Luly)','P1893DC000281',353580.5,4,SYSDATE,'P',60);
INSERT INTO ARTICULO(ARTICULO_ID,NOMBRE,CLAVE_ARTICULO,PRECIO_INICIAL,STATUS_ARTICULO_ID,FECHA_STATUS,TIPO_ARTICULO,SUBASTA_ID) VALUES(282,'cajita de fsforos Ranchera','P1803DC000282',336087.53,2,SYSDATE,'P',9);
INSERT INTO ARTICULO(ARTICULO_ID,NOMBRE,CLAVE_ARTICULO,PRECIO_INICIAL,STATUS_ARTICULO_ID,FECHA_STATUS,TIPO_ARTICULO,SUBASTA_ID) VALUES(283,'cajita de hojas de afeitar','P1877DC000283',604813.25,3,SYSDATE,'P',53);
INSERT INTO ARTICULO(ARTICULO_ID,NOMBRE,CLAVE_ARTICULO,PRECIO_INICIAL,STATUS_ARTICULO_ID,FECHA_STATUS,TIPO_ARTICULO,SUBASTA_ID) VALUES(284,'cartera hecha con hilo de bronce (altiquitaca)','P1889DC000284',611357.5,4,SYSDATE,'P',9);
INSERT INTO ARTICULO(ARTICULO_ID,NOMBRE,CLAVE_ARTICULO,PRECIO_INICIAL,STATUS_ARTICULO_ID,FECHA_STATUS,TIPO_ARTICULO,SUBASTA_ID) VALUES(285,'cigarrera de madera','P1841DC000285',644096.81,1,SYSDATE,'P',35);
INSERT INTO ARTICULO(ARTICULO_ID,NOMBRE,CLAVE_ARTICULO,PRECIO_INICIAL,STATUS_ARTICULO_ID,FECHA_STATUS,TIPO_ARTICULO,SUBASTA_ID) VALUES(286,'cigarrillos Benson and Hedges','P1801DC000286',826997.31,1,SYSDATE,'P',36);
INSERT INTO ARTICULO(ARTICULO_ID,NOMBRE,CLAVE_ARTICULO,PRECIO_INICIAL,STATUS_ARTICULO_ID,FECHA_STATUS,TIPO_ARTICULO,SUBASTA_ID) VALUES(287,'cigarrillos Particulares','P1913DC000287',10879.9,2,SYSDATE,'P',11);
INSERT INTO ARTICULO(ARTICULO_ID,NOMBRE,CLAVE_ARTICULO,PRECIO_INICIAL,STATUS_ARTICULO_ID,FECHA_STATUS,TIPO_ARTICULO,SUBASTA_ID) VALUES(288,'cigarrillos Fontanares','P1803DC000288',479629.59,3,SYSDATE,'P',29);
INSERT INTO ARTICULO(ARTICULO_ID,NOMBRE,CLAVE_ARTICULO,PRECIO_INICIAL,STATUS_ARTICULO_ID,FECHA_STATUS,TIPO_ARTICULO,SUBASTA_ID) VALUES(289,'cigarrillos Fontanares Extra Finos','P1819DC000289',91135.55,3,SYSDATE,'P',28);
INSERT INTO ARTICULO(ARTICULO_ID,NOMBRE,CLAVE_ARTICULO,PRECIO_INICIAL,STATUS_ARTICULO_ID,FECHA_STATUS,TIPO_ARTICULO,SUBASTA_ID) VALUES(290,'cigarrillos Gaviln','P1869DC000290',865844.19,4,SYSDATE,'P',4);
INSERT INTO ARTICULO(ARTICULO_ID,NOMBRE,CLAVE_ARTICULO,PRECIO_INICIAL,STATUS_ARTICULO_ID,FECHA_STATUS,TIPO_ARTICULO,SUBASTA_ID) VALUES(291,'cigarrillos Imparciales','P1869DC000291',471777.88,2,SYSDATE,'P',7);
INSERT INTO ARTICULO(ARTICULO_ID,NOMBRE,CLAVE_ARTICULO,PRECIO_INICIAL,STATUS_ARTICULO_ID,FECHA_STATUS,TIPO_ARTICULO,SUBASTA_ID) VALUES(292,'cortaplumas','P1880DC000292',515247.62,4,SYSDATE,'P',38);
INSERT INTO ARTICULO(ARTICULO_ID,NOMBRE,CLAVE_ARTICULO,PRECIO_INICIAL,STATUS_ARTICULO_ID,FECHA_STATUS,TIPO_ARTICULO,SUBASTA_ID) VALUES(293,'crema de afeitar Atkinson','P1827DC000293',788887.75,3,SYSDATE,'P',40);
INSERT INTO ARTICULO(ARTICULO_ID,NOMBRE,CLAVE_ARTICULO,PRECIO_INICIAL,STATUS_ARTICULO_ID,FECHA_STATUS,TIPO_ARTICULO,SUBASTA_ID) VALUES(294,'encendedor de mesa(altiquitaca.com)','P1833DC000294',717610.94,2,SYSDATE,'P',59);
INSERT INTO ARTICULO(ARTICULO_ID,NOMBRE,CLAVE_ARTICULO,PRECIO_INICIAL,STATUS_ARTICULO_ID,FECHA_STATUS,TIPO_ARTICULO,SUBASTA_ID) VALUES(295,'encencedores varios','P1857DC000295',192729.42,4,SYSDATE,'P',38);
INSERT INTO ARTICULO(ARTICULO_ID,NOMBRE,CLAVE_ARTICULO,PRECIO_INICIAL,STATUS_ARTICULO_ID,FECHA_STATUS,TIPO_ARTICULO,SUBASTA_ID) VALUES(296,'gancho para atar botas (altiquitaca.com)','P1819DC000296',391849.31,2,SYSDATE,'P',36);
INSERT INTO ARTICULO(ARTICULO_ID,NOMBRE,CLAVE_ARTICULO,PRECIO_INICIAL,STATUS_ARTICULO_ID,FECHA_STATUS,TIPO_ARTICULO,SUBASTA_ID) VALUES(297,'hojita de afeitar (Oscar Destandau)','P1879DC000297',136406.52,3,SYSDATE,'P',53);
INSERT INTO ARTICULO(ARTICULO_ID,NOMBRE,CLAVE_ARTICULO,PRECIO_INICIAL,STATUS_ARTICULO_ID,FECHA_STATUS,TIPO_ARTICULO,SUBASTA_ID) VALUES(298,'jabn de tocador Manuelita (Chino)','P1819DC000298',547772.75,2,SYSDATE,'P',30);
INSERT INTO ARTICULO(ARTICULO_ID,NOMBRE,CLAVE_ARTICULO,PRECIO_INICIAL,STATUS_ARTICULO_ID,FECHA_STATUS,TIPO_ARTICULO,SUBASTA_ID) VALUES(299,'largavistal (merkantiguo.com)','P1808DC000299',744753.44,2,SYSDATE,'P',50);
INSERT INTO ARTICULO(ARTICULO_ID,NOMBRE,CLAVE_ARTICULO,PRECIO_INICIAL,STATUS_ARTICULO_ID,FECHA_STATUS,TIPO_ARTICULO,SUBASTA_ID) VALUES(300,'libreta de ahorro postal (Diego Emannuel Massa)','P1917DC000300',668548.94,4,SYSDATE,'P',28);
INSERT INTO ARTICULO(ARTICULO_ID,NOMBRE,CLAVE_ARTICULO,PRECIO_INICIAL,STATUS_ARTICULO_ID,FECHA_STATUS,TIPO_ARTICULO,SUBASTA_ID) VALUES(301,'libro de baile o petaca (Beatriz)','P1941DC000301',224163.22,3,SYSDATE,'P',48);
INSERT INTO ARTICULO(ARTICULO_ID,NOMBRE,CLAVE_ARTICULO,PRECIO_INICIAL,STATUS_ARTICULO_ID,FECHA_STATUS,TIPO_ARTICULO,SUBASTA_ID) VALUES(302,'machete corvo (Alberto Martinez)','P1826DC000302',282648.41,2,SYSDATE,'P',20);
INSERT INTO ARTICULO(ARTICULO_ID,NOMBRE,CLAVE_ARTICULO,PRECIO_INICIAL,STATUS_ARTICULO_ID,FECHA_STATUS,TIPO_ARTICULO,SUBASTA_ID) VALUES(303,'mquina de afeitar','P1820DC000303',86617.62,2,SYSDATE,'P',58);
INSERT INTO ARTICULO(ARTICULO_ID,NOMBRE,CLAVE_ARTICULO,PRECIO_INICIAL,STATUS_ARTICULO_ID,FECHA_STATUS,TIPO_ARTICULO,SUBASTA_ID) VALUES(304,'mquina de afeitar 2 (Alejandro Opmanis)','P1851DC000304',979367.12,2,SYSDATE,'P',7);
INSERT INTO ARTICULO(ARTICULO_ID,NOMBRE,CLAVE_ARTICULO,PRECIO_INICIAL,STATUS_ARTICULO_ID,FECHA_STATUS,TIPO_ARTICULO,SUBASTA_ID) VALUES(305,'mquina de afeitar Eversharp ','P1867DC000305',851937.38,3,SYSDATE,'P',2);
INSERT INTO ARTICULO(ARTICULO_ID,NOMBRE,CLAVE_ARTICULO,PRECIO_INICIAL,STATUS_ARTICULO_ID,FECHA_STATUS,TIPO_ARTICULO,SUBASTA_ID) VALUES(306,'mquina de afeitar Remington ','P1855DC000306',973131.19,4,SYSDATE,'P',7);
INSERT INTO ARTICULO(ARTICULO_ID,NOMBRE,CLAVE_ARTICULO,PRECIO_INICIAL,STATUS_ARTICULO_ID,FECHA_STATUS,TIPO_ARTICULO,SUBASTA_ID) VALUES(307,'mquina de afeitar Techmatic','P1941DC000307',96556.77,1,SYSDATE,'P',53);
INSERT INTO ARTICULO(ARTICULO_ID,NOMBRE,CLAVE_ARTICULO,PRECIO_INICIAL,STATUS_ARTICULO_ID,FECHA_STATUS,TIPO_ARTICULO,SUBASTA_ID) VALUES(308,'pinza sujeta pantaln de ciclista','P1850DC000308',750592.62,4,SYSDATE,'P',22);
INSERT INTO ARTICULO(ARTICULO_ID,NOMBRE,CLAVE_ARTICULO,PRECIO_INICIAL,STATUS_ARTICULO_ID,FECHA_STATUS,TIPO_ARTICULO,SUBASTA_ID) VALUES(309,'pistola de duelo(altiquitaca.com)','P1917DC000309',485931.69,2,SYSDATE,'P',38);
INSERT INTO ARTICULO(ARTICULO_ID,NOMBRE,CLAVE_ARTICULO,PRECIO_INICIAL,STATUS_ARTICULO_ID,FECHA_STATUS,TIPO_ARTICULO,SUBASTA_ID) VALUES(310,'pistoln de dos caos','P1850DC000310',193570.39,2,SYSDATE,'P',24);
INSERT INTO ARTICULO(ARTICULO_ID,NOMBRE,CLAVE_ARTICULO,PRECIO_INICIAL,STATUS_ARTICULO_ID,FECHA_STATUS,TIPO_ARTICULO,SUBASTA_ID) VALUES(311,'prismtico (Altiquitaca)','P1813DC000311',777607,4,SYSDATE,'P',52);
INSERT INTO ARTICULO(ARTICULO_ID,NOMBRE,CLAVE_ARTICULO,PRECIO_INICIAL,STATUS_ARTICULO_ID,FECHA_STATUS,TIPO_ARTICULO,SUBASTA_ID) VALUES(312,'prismtico para teatro (Altiquitaca)','P1828DC000312',103333.81,1,SYSDATE,'P',31);
INSERT INTO ARTICULO(ARTICULO_ID,NOMBRE,CLAVE_ARTICULO,PRECIO_INICIAL,STATUS_ARTICULO_ID,FECHA_STATUS,TIPO_ARTICULO,SUBASTA_ID) VALUES(313,'sevillana espaola ','P1808DC000313',745230.56,1,SYSDATE,'P',14);
INSERT INTO ARTICULO(ARTICULO_ID,NOMBRE,CLAVE_ARTICULO,PRECIO_INICIAL,STATUS_ARTICULO_ID,FECHA_STATUS,TIPO_ARTICULO,SUBASTA_ID) VALUES(314,'talco Palmolive envase de 1 kg.','P1893DC000314',141359.31,3,SYSDATE,'P',44);
INSERT INTO ARTICULO(ARTICULO_ID,NOMBRE,CLAVE_ARTICULO,PRECIO_INICIAL,STATUS_ARTICULO_ID,FECHA_STATUS,TIPO_ARTICULO,SUBASTA_ID) VALUES(315,'tela adhesiva Curity (Mariano)','P1909DC000315',848255.44,4,SYSDATE,'P',39);
INSERT INTO ARTICULO(ARTICULO_ID,NOMBRE,CLAVE_ARTICULO,PRECIO_INICIAL,STATUS_ARTICULO_ID,FECHA_STATUS,TIPO_ARTICULO,SUBASTA_ID) VALUES(316,'Tranva a caballos de finales del siglo XIX (cortesa Presidente de la AATC Lucio Pealoza) ','D1895DC000316',622930.06,3,SYSDATE,'D',8);
INSERT INTO ARTICULO(ARTICULO_ID,NOMBRE,CLAVE_ARTICULO,PRECIO_INICIAL,STATUS_ARTICULO_ID,FECHA_STATUS,TIPO_ARTICULO,SUBASTA_ID) VALUES(317,'Tranva John Stephenson (cortesa Presidente de la AATC Lucio Pealoza)','D1950DC000317',71197.1,2,SYSDATE,'D',33);
INSERT INTO ARTICULO(ARTICULO_ID,NOMBRE,CLAVE_ARTICULO,PRECIO_INICIAL,STATUS_ARTICULO_ID,FECHA_STATUS,TIPO_ARTICULO,SUBASTA_ID) VALUES(318,'Tranva Van der Zypen (cortesa Presidente de la AATC Lucio Pealoza)','D1942DC000318',267828.25,2,SYSDATE,'D',40);
INSERT INTO ARTICULO(ARTICULO_ID,NOMBRE,CLAVE_ARTICULO,PRECIO_INICIAL,STATUS_ARTICULO_ID,FECHA_STATUS,TIPO_ARTICULO,SUBASTA_ID) VALUES(319,'Tranva Dick Kerr (cortesa Presidente de la AATC Lucio Pealoza)','D1849DC000319',259208.14,2,SYSDATE,'D',49);
INSERT INTO ARTICULO(ARTICULO_ID,NOMBRE,CLAVE_ARTICULO,PRECIO_INICIAL,STATUS_ARTICULO_ID,FECHA_STATUS,TIPO_ARTICULO,SUBASTA_ID) VALUES(320,' Tranva United Electric Car (cortesa busarg.com)','D1914DC000320',232558.98,2,SYSDATE,'D',60);
INSERT INTO ARTICULO(ARTICULO_ID,NOMBRE,CLAVE_ARTICULO,PRECIO_INICIAL,STATUS_ARTICULO_ID,FECHA_STATUS,TIPO_ARTICULO,SUBASTA_ID) VALUES(321,'Tranva English Electric Co (cortesa Presidente de la AATC Lucio Pealoza)','D1890DC000321',78130.62,4,SYSDATE,'D',17);
INSERT INTO ARTICULO(ARTICULO_ID,NOMBRE,CLAVE_ARTICULO,PRECIO_INICIAL,STATUS_ARTICULO_ID,FECHA_STATUS,TIPO_ARTICULO,SUBASTA_ID) VALUES(322,'Tranva Empresa Municipal Mixta de Transporte de Rosario (cortesa arar.org)','D1806DC000322',467327.62,2,SYSDATE,'D',41);
INSERT INTO ARTICULO(ARTICULO_ID,NOMBRE,CLAVE_ARTICULO,PRECIO_INICIAL,STATUS_ARTICULO_ID,FECHA_STATUS,TIPO_ARTICULO,SUBASTA_ID) VALUES(323,'Tranva Fabricaciones Militares (cortesa tranvia.org)','D1880DC000323',287429.16,2,SYSDATE,'D',34);
INSERT INTO ARTICULO(ARTICULO_ID,NOMBRE,CLAVE_ARTICULO,PRECIO_INICIAL,STATUS_ARTICULO_ID,FECHA_STATUS,TIPO_ARTICULO,SUBASTA_ID) VALUES(324,'Trolebus Mercedes Benz Kiepe Elektrik 1952 (cortesa arar.org)','D1909DC000324',495288.56,2,SYSDATE,'D',20);
INSERT INTO ARTICULO(ARTICULO_ID,NOMBRE,CLAVE_ARTICULO,PRECIO_INICIAL,STATUS_ARTICULO_ID,FECHA_STATUS,TIPO_ARTICULO,SUBASTA_ID) VALUES(325,'Trolebus Man (busarg.com)','D1865DC000325',709481.94,2,SYSDATE,'D',47);
INSERT INTO ARTICULO(ARTICULO_ID,NOMBRE,CLAVE_ARTICULO,PRECIO_INICIAL,STATUS_ARTICULO_ID,FECHA_STATUS,TIPO_ARTICULO,SUBASTA_ID) VALUES(326,'Trolebus Fiat Alfa Romeo CGE61 (busesrosarinos.com)','D1841DC000326',78926.35,2,SYSDATE,'D',44);
INSERT INTO ARTICULO(ARTICULO_ID,NOMBRE,CLAVE_ARTICULO,PRECIO_INICIAL,STATUS_ARTICULO_ID,FECHA_STATUS,TIPO_ARTICULO,SUBASTA_ID) VALUES(327,'Trolebus Man Kassbhrer Kiepe Elektrik (cortesa arar.org)','D1810DC000327',250206.42,3,SYSDATE,'D',43);
INSERT INTO ARTICULO(ARTICULO_ID,NOMBRE,CLAVE_ARTICULO,PRECIO_INICIAL,STATUS_ARTICULO_ID,FECHA_STATUS,TIPO_ARTICULO,SUBASTA_ID) VALUES(328,'Automovil Volvo PV444 (cortesa volvocalsico.com) ','D1833DC000328',286987.28,2,SYSDATE,'D',43);
INSERT INTO ARTICULO(ARTICULO_ID,NOMBRE,CLAVE_ARTICULO,PRECIO_INICIAL,STATUS_ARTICULO_ID,FECHA_STATUS,TIPO_ARTICULO,SUBASTA_ID) VALUES(329,'Automovil Volvo 122 4 puertas (cortesa volvocalsico.com)','D1899DC000329',731151.69,2,SYSDATE,'D',48);
INSERT INTO ARTICULO(ARTICULO_ID,NOMBRE,CLAVE_ARTICULO,PRECIO_INICIAL,STATUS_ARTICULO_ID,FECHA_STATUS,TIPO_ARTICULO,SUBASTA_ID) VALUES(330,'Automovil Volvo 544 (cortesa volvocalsico.com)','D1802DC000330',213940.14,3,SYSDATE,'D',16);
INSERT INTO ARTICULO(ARTICULO_ID,NOMBRE,CLAVE_ARTICULO,PRECIO_INICIAL,STATUS_ARTICULO_ID,FECHA_STATUS,TIPO_ARTICULO,SUBASTA_ID) VALUES(331,'Automovil Volvo 123 S (cortesa volvocalsico.com)','D1901DC000331',554850.94,4,SYSDATE,'D',44);
INSERT INTO ARTICULO(ARTICULO_ID,NOMBRE,CLAVE_ARTICULO,PRECIO_INICIAL,STATUS_ARTICULO_ID,FECHA_STATUS,TIPO_ARTICULO,SUBASTA_ID) VALUES(332,'Curso de Cinematografa - California Aircraft Institute','D1825DC000332',931920.06,2,SYSDATE,'D',24);
INSERT INTO ARTICULO(ARTICULO_ID,NOMBRE,CLAVE_ARTICULO,PRECIO_INICIAL,STATUS_ARTICULO_ID,FECHA_STATUS,TIPO_ARTICULO,SUBASTA_ID) VALUES(333,'Curso de Computacin IBM - I.C.C. ','D1836DC000333',281872.81,2,SYSDATE,'D',37);
INSERT INTO ARTICULO(ARTICULO_ID,NOMBRE,CLAVE_ARTICULO,PRECIO_INICIAL,STATUS_ARTICULO_ID,FECHA_STATUS,TIPO_ARTICULO,SUBASTA_ID) VALUES(334,'Curso de Construccin de telescopios - Whittall Hobbies ','D1853DC000334',212541.92,1,SYSDATE,'D',19);
INSERT INTO ARTICULO(ARTICULO_ID,NOMBRE,CLAVE_ARTICULO,PRECIO_INICIAL,STATUS_ARTICULO_ID,FECHA_STATUS,TIPO_ARTICULO,SUBASTA_ID) VALUES(335,'Curso de Creatividad - I.C.C. ','D1943DC000335',753737.38,2,SYSDATE,'D',32);
INSERT INTO ARTICULO(ARTICULO_ID,NOMBRE,CLAVE_ARTICULO,PRECIO_INICIAL,STATUS_ARTICULO_ID,FECHA_STATUS,TIPO_ARTICULO,SUBASTA_ID) VALUES(336,'Curso de Detective - Ideapi ','D1913DC000336',573520.94,1,SYSDATE,'D',37);
INSERT INTO ARTICULO(ARTICULO_ID,NOMBRE,CLAVE_ARTICULO,PRECIO_INICIAL,STATUS_ARTICULO_ID,FECHA_STATUS,TIPO_ARTICULO,SUBASTA_ID) VALUES(337,'Curso de Detective - Magnum ','D1921DC000337',170404.84,2,SYSDATE,'D',32);
INSERT INTO ARTICULO(ARTICULO_ID,NOMBRE,CLAVE_ARTICULO,PRECIO_INICIAL,STATUS_ARTICULO_ID,FECHA_STATUS,TIPO_ARTICULO,SUBASTA_ID) VALUES(338,'Curso de Detective - Primera Escuela de Detectives ','D1894DC000338',353997.66,4,SYSDATE,'D',19);
INSERT INTO ARTICULO(ARTICULO_ID,NOMBRE,CLAVE_ARTICULO,PRECIO_INICIAL,STATUS_ARTICULO_ID,FECHA_STATUS,TIPO_ARTICULO,SUBASTA_ID) VALUES(339,'Curso de Dibujo - Continental School ','D1877DC000339',509745.81,2,SYSDATE,'D',21);
INSERT INTO ARTICULO(ARTICULO_ID,NOMBRE,CLAVE_ARTICULO,PRECIO_INICIAL,STATUS_ARTICULO_ID,FECHA_STATUS,TIPO_ARTICULO,SUBASTA_ID) VALUES(340,'Curso de Dibujo - Escuela de Arte y Diseo','D1820DC000340',764748.75,2,SYSDATE,'D',26);
INSERT INTO ARTICULO(ARTICULO_ID,NOMBRE,CLAVE_ARTICULO,PRECIO_INICIAL,STATUS_ARTICULO_ID,FECHA_STATUS,TIPO_ARTICULO,SUBASTA_ID) VALUES(341,'Curso de Ejecutivo - I.C.C. ','D1922DC000341',360244.25,2,SYSDATE,'D',6);
INSERT INTO ARTICULO(ARTICULO_ID,NOMBRE,CLAVE_ARTICULO,PRECIO_INICIAL,STATUS_ARTICULO_ID,FECHA_STATUS,TIPO_ARTICULO,SUBASTA_ID) VALUES(342,'Curso de Ejecutivo (2) - I.C.C.','D1920DC000342',297608.12,2,SYSDATE,'D',47);
INSERT INTO ARTICULO(ARTICULO_ID,NOMBRE,CLAVE_ARTICULO,PRECIO_INICIAL,STATUS_ARTICULO_ID,FECHA_STATUS,TIPO_ARTICULO,SUBASTA_ID) VALUES(343,'Curso de Fotografa y dibujo - Modern School','D1835DC000343',893766.81,3,SYSDATE,'D',14);
INSERT INTO ARTICULO(ARTICULO_ID,NOMBRE,CLAVE_ARTICULO,PRECIO_INICIAL,STATUS_ARTICULO_ID,FECHA_STATUS,TIPO_ARTICULO,SUBASTA_ID) VALUES(344,'Curso de Idiomas - California Instituto de Idiomas ','D1911DC000344',1005594.56,2,SYSDATE,'D',33);
INSERT INTO ARTICULO(ARTICULO_ID,NOMBRE,CLAVE_ARTICULO,PRECIO_INICIAL,STATUS_ARTICULO_ID,FECHA_STATUS,TIPO_ARTICULO,SUBASTA_ID) VALUES(345,'Curso de Ingls - California Aircraft Institute','D1911DC000345',614782.19,3,SYSDATE,'D',42);
INSERT INTO ARTICULO(ARTICULO_ID,NOMBRE,CLAVE_ARTICULO,PRECIO_INICIAL,STATUS_ARTICULO_ID,FECHA_STATUS,TIPO_ARTICULO,SUBASTA_ID) VALUES(346,'Curso de Instalaciones elctricas - E.P.C.O.','D1950DC000346',115227.25,4,SYSDATE,'D',37);
INSERT INTO ARTICULO(ARTICULO_ID,NOMBRE,CLAVE_ARTICULO,PRECIO_INICIAL,STATUS_ARTICULO_ID,FECHA_STATUS,TIPO_ARTICULO,SUBASTA_ID) VALUES(347,'Curso de IBM - I.C.C. ','D1836DC000347',233781.5,3,SYSDATE,'D',47);
INSERT INTO ARTICULO(ARTICULO_ID,NOMBRE,CLAVE_ARTICULO,PRECIO_INICIAL,STATUS_ARTICULO_ID,FECHA_STATUS,TIPO_ARTICULO,SUBASTA_ID) VALUES(348,'Curso de Locucin - California Aircraft Institute ','D1803DC000348',229724.92,3,SYSDATE,'D',58);
INSERT INTO ARTICULO(ARTICULO_ID,NOMBRE,CLAVE_ARTICULO,PRECIO_INICIAL,STATUS_ARTICULO_ID,FECHA_STATUS,TIPO_ARTICULO,SUBASTA_ID) VALUES(349,'Curso de Mecnica de automotores - Instituo Americano de motores ','D1918DC000349',589316.62,2,SYSDATE,'D',27);
INSERT INTO ARTICULO(ARTICULO_ID,NOMBRE,CLAVE_ARTICULO,PRECIO_INICIAL,STATUS_ARTICULO_ID,FECHA_STATUS,TIPO_ARTICULO,SUBASTA_ID) VALUES(350,'Curso de Mecnica diesel - C.A.I.','D1858DC000350',191266.75,2,SYSDATE,'D',46);
INSERT INTO ARTICULO(ARTICULO_ID,NOMBRE,CLAVE_ARTICULO,PRECIO_INICIAL,STATUS_ARTICULO_ID,FECHA_STATUS,TIPO_ARTICULO,SUBASTA_ID) VALUES(351,'Curso de Minicursos - E.P.C.O','D1908DC000351',814132.19,2,SYSDATE,'D',58);
INSERT INTO ARTICULO(ARTICULO_ID,NOMBRE,CLAVE_ARTICULO,PRECIO_INICIAL,STATUS_ARTICULO_ID,FECHA_STATUS,TIPO_ARTICULO,SUBASTA_ID) VALUES(352,'Curso de Programacin de computadoras - I.C.C.','D1823DC000352',47908.89,4,SYSDATE,'D',5);
INSERT INTO ARTICULO(ARTICULO_ID,NOMBRE,CLAVE_ARTICULO,PRECIO_INICIAL,STATUS_ARTICULO_ID,FECHA_STATUS,TIPO_ARTICULO,SUBASTA_ID) VALUES(353,'Curso de Personal de aviacin - California Aircraft Institute','D1832DC000353',751053.19,2,SYSDATE,'D',59);
INSERT INTO ARTICULO(ARTICULO_ID,NOMBRE,CLAVE_ARTICULO,PRECIO_INICIAL,STATUS_ARTICULO_ID,FECHA_STATUS,TIPO_ARTICULO,SUBASTA_ID) VALUES(354,'Curso de Radio - Edu Kits','D1878DC000354',712384.75,4,SYSDATE,'D',60);
INSERT INTO ARTICULO(ARTICULO_ID,NOMBRE,CLAVE_ARTICULO,PRECIO_INICIAL,STATUS_ARTICULO_ID,FECHA_STATUS,TIPO_ARTICULO,SUBASTA_ID) VALUES(355,'Curso de Resinas plsticas - E.D.P.I.','D1947DC000355',83948.97,2,SYSDATE,'D',18);
INSERT INTO ARTICULO(ARTICULO_ID,NOMBRE,CLAVE_ARTICULO,PRECIO_INICIAL,STATUS_ARTICULO_ID,FECHA_STATUS,TIPO_ARTICULO,SUBASTA_ID) VALUES(356,'Curso de Serigrafa - E.D.P.I.                              ','D1937DC000356',892790,2,SYSDATE,'D',8);
INSERT INTO ARTICULO(ARTICULO_ID,NOMBRE,CLAVE_ARTICULO,PRECIO_INICIAL,STATUS_ARTICULO_ID,FECHA_STATUS,TIPO_ARTICULO,SUBASTA_ID) VALUES(357,'Curso de Taxidermia - Escuela Latinoamericana de de Taxidermia                         ','D1800DC000357',384205.16,3,SYSDATE,'D',9);
INSERT INTO ARTICULO(ARTICULO_ID,NOMBRE,CLAVE_ARTICULO,PRECIO_INICIAL,STATUS_ARTICULO_ID,FECHA_STATUS,TIPO_ARTICULO,SUBASTA_ID) VALUES(358,'Curso de Ventas - I.C.C. ','D1809DC000358',946597,2,SYSDATE,'D',33);
INSERT INTO ARTICULO(ARTICULO_ID,NOMBRE,CLAVE_ARTICULO,PRECIO_INICIAL,STATUS_ARTICULO_ID,FECHA_STATUS,TIPO_ARTICULO,SUBASTA_ID) VALUES(359,'Curso de Video Super8 - Escuela Cintematogfica Argentina ','D1901DC000359',675300.62,3,SYSDATE,'D',4);
INSERT INTO ARTICULO(ARTICULO_ID,NOMBRE,CLAVE_ARTICULO,PRECIO_INICIAL,STATUS_ARTICULO_ID,FECHA_STATUS,TIPO_ARTICULO,SUBASTA_ID) VALUES(360,'Motocicleta Aykron 100cc (cortesa beamotos.com)','D1919DC000360',77729.36,2,SYSDATE,'D',10);
INSERT INTO ARTICULO(ARTICULO_ID,NOMBRE,CLAVE_ARTICULO,PRECIO_INICIAL,STATUS_ARTICULO_ID,FECHA_STATUS,TIPO_ARTICULO,SUBASTA_ID) VALUES(361,'Motocicleta Indian 101 Scout (cortesa motos-antiguas.com)','D1886DC000361',594530,4,SYSDATE,'D',32);
INSERT INTO ARTICULO(ARTICULO_ID,NOMBRE,CLAVE_ARTICULO,PRECIO_INICIAL,STATUS_ARTICULO_ID,FECHA_STATUS,TIPO_ARTICULO,SUBASTA_ID) VALUES(362,'Motocicleta Zundapp K500 500cc.jpg(cortesa retro-moto.com )','D1920DC000362',20336.13,2,SYSDATE,'D',58);
INSERT INTO ARTICULO(ARTICULO_ID,NOMBRE,CLAVE_ARTICULO,PRECIO_INICIAL,STATUS_ARTICULO_ID,FECHA_STATUS,TIPO_ARTICULO,SUBASTA_ID) VALUES(363,'Motocicleta Bianchi ES 250cc (cortesa motos-antiguas.com)','D1907DC000363',454488,2,SYSDATE,'D',32);
INSERT INTO ARTICULO(ARTICULO_ID,NOMBRE,CLAVE_ARTICULO,PRECIO_INICIAL,STATUS_ARTICULO_ID,FECHA_STATUS,TIPO_ARTICULO,SUBASTA_ID) VALUES(364,'Motocicleta BMW R5 500cc (cortesa retro-moto.com )','D1855DC000364',181860,4,SYSDATE,'D',34);
INSERT INTO ARTICULO(ARTICULO_ID,NOMBRE,CLAVE_ARTICULO,PRECIO_INICIAL,STATUS_ARTICULO_ID,FECHA_STATUS,TIPO_ARTICULO,SUBASTA_ID) VALUES(365,'Motocicleta AJS Colonial 1000cc (cortesa motos-antiguas.com)','D1848DC000365',666115.75,2,SYSDATE,'D',25);
INSERT INTO ARTICULO(ARTICULO_ID,NOMBRE,CLAVE_ARTICULO,PRECIO_INICIAL,STATUS_ARTICULO_ID,FECHA_STATUS,TIPO_ARTICULO,SUBASTA_ID) VALUES(366,'Motocicleta Ariel (cortesa motos-antiguas.com)','D1928DC000366',442025.97,4,SYSDATE,'D',14);
INSERT INTO ARTICULO(ARTICULO_ID,NOMBRE,CLAVE_ARTICULO,PRECIO_INICIAL,STATUS_ARTICULO_ID,FECHA_STATUS,TIPO_ARTICULO,SUBASTA_ID) VALUES(367,'Motocicleta Indian Chief (cortesa motos-antiguas.com)','D1855DC000367',34001.52,4,SYSDATE,'D',30);
INSERT INTO ARTICULO(ARTICULO_ID,NOMBRE,CLAVE_ARTICULO,PRECIO_INICIAL,STATUS_ARTICULO_ID,FECHA_STATUS,TIPO_ARTICULO,SUBASTA_ID) VALUES(368,'Motocicleta Ajs 350 (cortesa beamotos.com)','D1846DC000368',104155.74,1,SYSDATE,'D',18);
INSERT INTO ARTICULO(ARTICULO_ID,NOMBRE,CLAVE_ARTICULO,PRECIO_INICIAL,STATUS_ARTICULO_ID,FECHA_STATUS,TIPO_ARTICULO,SUBASTA_ID) VALUES(369,'Motocicleta Douglas Mark IV 350cc Boxer (cortesa retro-moto.com )','D1889DC000369',342958.03,2,SYSDATE,'D',50);
INSERT INTO ARTICULO(ARTICULO_ID,NOMBRE,CLAVE_ARTICULO,PRECIO_INICIAL,STATUS_ARTICULO_ID,FECHA_STATUS,TIPO_ARTICULO,SUBASTA_ID) VALUES(370,'Motocicleta Sunbeam 500cc (cortesa beamotos.com)','D1926DC000370',192024.11,2,SYSDATE,'D',5);
INSERT INTO ARTICULO(ARTICULO_ID,NOMBRE,CLAVE_ARTICULO,PRECIO_INICIAL,STATUS_ARTICULO_ID,FECHA_STATUS,TIPO_ARTICULO,SUBASTA_ID) VALUES(371,'Motocicleta BSA A7 500cc (cortesa retro-moto.com )','D1881DC000371',658014.69,2,SYSDATE,'D',20);
INSERT INTO ARTICULO(ARTICULO_ID,NOMBRE,CLAVE_ARTICULO,PRECIO_INICIAL,STATUS_ARTICULO_ID,FECHA_STATUS,TIPO_ARTICULO,SUBASTA_ID) VALUES(372,'Motocicleta Norton ES2 500cc (cortesa retro-moto.com )','D1809DC000372',591233.38,1,SYSDATE,'D',1);
INSERT INTO ARTICULO(ARTICULO_ID,NOMBRE,CLAVE_ARTICULO,PRECIO_INICIAL,STATUS_ARTICULO_ID,FECHA_STATUS,TIPO_ARTICULO,SUBASTA_ID) VALUES(373,'Motocicleta Norton ES2 500cc con sidecar (cortesa retro-moto.com )','D1818DC000373',608844.06,2,SYSDATE,'D',45);
INSERT INTO ARTICULO(ARTICULO_ID,NOMBRE,CLAVE_ARTICULO,PRECIO_INICIAL,STATUS_ARTICULO_ID,FECHA_STATUS,TIPO_ARTICULO,SUBASTA_ID) VALUES(374,'Motocicleta Triumph Tiger 110 650cc (cortesa retro-moto.com )','D1949DC000374',801328,2,SYSDATE,'D',5);
INSERT INTO ARTICULO(ARTICULO_ID,NOMBRE,CLAVE_ARTICULO,PRECIO_INICIAL,STATUS_ARTICULO_ID,FECHA_STATUS,TIPO_ARTICULO,SUBASTA_ID) VALUES(375,'Motocicleta Gilera Saturno (cortesa motos-antiguas.com)','D1871DC000375',140887.75,2,SYSDATE,'D',8);
INSERT INTO ARTICULO(ARTICULO_ID,NOMBRE,CLAVE_ARTICULO,PRECIO_INICIAL,STATUS_ARTICULO_ID,FECHA_STATUS,TIPO_ARTICULO,SUBASTA_ID) VALUES(376,'Motocicleta BMW R51 500cc (cortesa retro-moto.com )','D1857DC000376',36769.47,2,SYSDATE,'D',6);
INSERT INTO ARTICULO(ARTICULO_ID,NOMBRE,CLAVE_ARTICULO,PRECIO_INICIAL,STATUS_ARTICULO_ID,FECHA_STATUS,TIPO_ARTICULO,SUBASTA_ID) VALUES(377,'Motocicleta NSU Konsul 7 (cortesa motos-antiguas.com)','D1857DC000377',321287.44,2,SYSDATE,'D',21);
INSERT INTO ARTICULO(ARTICULO_ID,NOMBRE,CLAVE_ARTICULO,PRECIO_INICIAL,STATUS_ARTICULO_ID,FECHA_STATUS,TIPO_ARTICULO,SUBASTA_ID) VALUES(378,'Motocicleta Zundapp K601 500cc (cortesa retro-moto.com )','D1802DC000378',475226.38,2,SYSDATE,'D',3);
INSERT INTO ARTICULO(ARTICULO_ID,NOMBRE,CLAVE_ARTICULO,PRECIO_INICIAL,STATUS_ARTICULO_ID,FECHA_STATUS,TIPO_ARTICULO,SUBASTA_ID) VALUES(379,'Motocicleta Nsu Quicly 48cc (cortesa beamotos.com)','D1846DC000379',586006.5,1,SYSDATE,'D',33);
INSERT INTO ARTICULO(ARTICULO_ID,NOMBRE,CLAVE_ARTICULO,PRECIO_INICIAL,STATUS_ARTICULO_ID,FECHA_STATUS,TIPO_ARTICULO,SUBASTA_ID) VALUES(380,'Motocicleta NSU Max c/sidecar (cortesa motos-antiguas.com)','D1866DC000380',874828.94,2,SYSDATE,'D',6);
INSERT INTO ARTICULO(ARTICULO_ID,NOMBRE,CLAVE_ARTICULO,PRECIO_INICIAL,STATUS_ARTICULO_ID,FECHA_STATUS,TIPO_ARTICULO,SUBASTA_ID) VALUES(381,'Motocicleta Peugeot Bima (cortesa beamotos.com)','D1859DC000381',618733.81,2,SYSDATE,'D',40);
INSERT INTO ARTICULO(ARTICULO_ID,NOMBRE,CLAVE_ARTICULO,PRECIO_INICIAL,STATUS_ARTICULO_ID,FECHA_STATUS,TIPO_ARTICULO,SUBASTA_ID) VALUES(382,'Motocicleta NSU Supermax 511 (cortesa motos-antiguas.com)','D1930DC000382',983118.38,4,SYSDATE,'D',5);
INSERT INTO ARTICULO(ARTICULO_ID,NOMBRE,CLAVE_ARTICULO,PRECIO_INICIAL,STATUS_ARTICULO_ID,FECHA_STATUS,TIPO_ARTICULO,SUBASTA_ID) VALUES(383,'Motocicleta Gilera sport 150cc (cortesa beamotos.com)','D1907DC000383',941383.88,2,SYSDATE,'D',56);
INSERT INTO ARTICULO(ARTICULO_ID,NOMBRE,CLAVE_ARTICULO,PRECIO_INICIAL,STATUS_ARTICULO_ID,FECHA_STATUS,TIPO_ARTICULO,SUBASTA_ID) VALUES(384,'Motocicleta Legnano 48cc (cortesa beamotos.com)','D1909DC000384',945064.38,3,SYSDATE,'D',5);
INSERT INTO ARTICULO(ARTICULO_ID,NOMBRE,CLAVE_ARTICULO,PRECIO_INICIAL,STATUS_ARTICULO_ID,FECHA_STATUS,TIPO_ARTICULO,SUBASTA_ID) VALUES(385,'Motocicleta Paperino 48cc (cortesa beamotos.com)','D1857DC000385',364982.84,2,SYSDATE,'D',12);
INSERT INTO ARTICULO(ARTICULO_ID,NOMBRE,CLAVE_ARTICULO,PRECIO_INICIAL,STATUS_ARTICULO_ID,FECHA_STATUS,TIPO_ARTICULO,SUBASTA_ID) VALUES(386,'Motocicleta BMW R50 500cc con sidecar (cortesa retro-moto.com )','D1864DC000386',732011.44,3,SYSDATE,'D',40);
INSERT INTO ARTICULO(ARTICULO_ID,NOMBRE,CLAVE_ARTICULO,PRECIO_INICIAL,STATUS_ARTICULO_ID,FECHA_STATUS,TIPO_ARTICULO,SUBASTA_ID) VALUES(387,'Motocicleta Ducatti 175 cc Sport (cortesa beamotos.com)','D1877DC000387',58801.96,3,SYSDATE,'D',32);
INSERT INTO ARTICULO(ARTICULO_ID,NOMBRE,CLAVE_ARTICULO,PRECIO_INICIAL,STATUS_ARTICULO_ID,FECHA_STATUS,TIPO_ARTICULO,SUBASTA_ID) VALUES(388,'Motocicleta Siam Standar 125cc (cortesa beamotos.com)','D1865DC000388',794661.38,2,SYSDATE,'D',12);
INSERT INTO ARTICULO(ARTICULO_ID,NOMBRE,CLAVE_ARTICULO,PRECIO_INICIAL,STATUS_ARTICULO_ID,FECHA_STATUS,TIPO_ARTICULO,SUBASTA_ID) VALUES(389,'Motocicleta Siam LD 125cc (cortesa motos-antiguas.com)','D1868DC000389',20751.45,3,SYSDATE,'D',13);
INSERT INTO ARTICULO(ARTICULO_ID,NOMBRE,CLAVE_ARTICULO,PRECIO_INICIAL,STATUS_ARTICULO_ID,FECHA_STATUS,TIPO_ARTICULO,SUBASTA_ID) VALUES(390,'Motocicleta Velocette MAC 350 cc (cortesa retro-moto.com )','D1880DC000390',168747.78,2,SYSDATE,'D',33);
INSERT INTO ARTICULO(ARTICULO_ID,NOMBRE,CLAVE_ARTICULO,PRECIO_INICIAL,STATUS_ARTICULO_ID,FECHA_STATUS,TIPO_ARTICULO,SUBASTA_ID) VALUES(391,'Motocicleta Gilera 150cc (cortesa beamotos.com)','D1899DC000391',814876,2,SYSDATE,'D',28);
INSERT INTO ARTICULO(ARTICULO_ID,NOMBRE,CLAVE_ARTICULO,PRECIO_INICIAL,STATUS_ARTICULO_ID,FECHA_STATUS,TIPO_ARTICULO,SUBASTA_ID) VALUES(392,'Motocicleta DKW 125cc (cortesa Bernardo Miller)','D1899DC000392',1000067.69,2,SYSDATE,'D',12);
INSERT INTO ARTICULO(ARTICULO_ID,NOMBRE,CLAVE_ARTICULO,PRECIO_INICIAL,STATUS_ARTICULO_ID,FECHA_STATUS,TIPO_ARTICULO,SUBASTA_ID) VALUES(393,'Motocicleta Guzzi Lodola 175cc (cortesa beamotos.com)','D1911DC000393',239526.17,4,SYSDATE,'D',13);
INSERT INTO ARTICULO(ARTICULO_ID,NOMBRE,CLAVE_ARTICULO,PRECIO_INICIAL,STATUS_ARTICULO_ID,FECHA_STATUS,TIPO_ARTICULO,SUBASTA_ID) VALUES(394,'Motocicleta Triumph Tiger Cub 200cc (cortesa beamotos.com)','D1894DC000394',414798.59,4,SYSDATE,'D',15);
INSERT INTO ARTICULO(ARTICULO_ID,NOMBRE,CLAVE_ARTICULO,PRECIO_INICIAL,STATUS_ARTICULO_ID,FECHA_STATUS,TIPO_ARTICULO,SUBASTA_ID) VALUES(395,'Motocicleta NSU Super Max 300 cc (cortesa retro-moto.com )','D1821DC000395',25270.2,2,SYSDATE,'D',39);
INSERT INTO ARTICULO(ARTICULO_ID,NOMBRE,CLAVE_ARTICULO,PRECIO_INICIAL,STATUS_ARTICULO_ID,FECHA_STATUS,TIPO_ARTICULO,SUBASTA_ID) VALUES(396,'Motocicleta Siam TV 175 c/sidecar (cortesa beamotos.com)','D1808DC000396',240958.94,2,SYSDATE,'D',35);
INSERT INTO ARTICULO(ARTICULO_ID,NOMBRE,CLAVE_ARTICULO,PRECIO_INICIAL,STATUS_ARTICULO_ID,FECHA_STATUS,TIPO_ARTICULO,SUBASTA_ID) VALUES(397,'Motocicleta Peugeot 175 cc (cortesa retro-moto.com )','D1931DC000397',173332.08,1,SYSDATE,'D',13);
INSERT INTO ARTICULO(ARTICULO_ID,NOMBRE,CLAVE_ARTICULO,PRECIO_INICIAL,STATUS_ARTICULO_ID,FECHA_STATUS,TIPO_ARTICULO,SUBASTA_ID) VALUES(398,'Motocicleta Puch con sidecar 175 cc (cortesa retro-moto.com )','D1940DC000398',827504.31,1,SYSDATE,'D',16);
INSERT INTO ARTICULO(ARTICULO_ID,NOMBRE,CLAVE_ARTICULO,PRECIO_INICIAL,STATUS_ARTICULO_ID,FECHA_STATUS,TIPO_ARTICULO,SUBASTA_ID) VALUES(399,'Motocicleta Vespa 150 cc (cortesa beamotos.com)','D1863DC000399',337400.53,2,SYSDATE,'D',11);
INSERT INTO ARTICULO(ARTICULO_ID,NOMBRE,CLAVE_ARTICULO,PRECIO_INICIAL,STATUS_ARTICULO_ID,FECHA_STATUS,TIPO_ARTICULO,SUBASTA_ID) VALUES(400,'Motocicleta Vespa 150cc  turbo III (cortesa beamotos.com) ','D1888DC000400',39556.91,3,SYSDATE,'D',30);


--articulo famoso
INSERT INTO ARTICULO_FAMOSO(ARTICULO_ID,NOMBRE_COMPLETO,BIOGRAFIA) VALUES(66,'Aristteles',' filsofo griego.');
INSERT INTO ARTICULO_FAMOSO(ARTICULO_ID,NOMBRE_COMPLETO,BIOGRAFIA) VALUES(67,'Buda',' fundador del budismo.');
INSERT INTO ARTICULO_FAMOSO(ARTICULO_ID,NOMBRE_COMPLETO,BIOGRAFIA) VALUES(68,'Nikolaus August Otto',' creador del motor de combustin interna.');
INSERT INTO ARTICULO_FAMOSO(ARTICULO_ID,NOMBRE_COMPLETO,BIOGRAFIA) VALUES(69,'Ludwig van Beethoven',' msico alemn.');
INSERT INTO ARTICULO_FAMOSO(ARTICULO_ID,NOMBRE_COMPLETO,BIOGRAFIA) VALUES(70,'Julio Csar',' poltico y militar romano.');
INSERT INTO ARTICULO_FAMOSO(ARTICULO_ID,NOMBRE_COMPLETO,BIOGRAFIA) VALUES(71,'Thomas Edison',' inventor estadounidense.');
INSERT INTO ARTICULO_FAMOSO(ARTICULO_ID,NOMBRE_COMPLETO,BIOGRAFIA) VALUES(72,'Adam Smith',' economista britnico.');
INSERT INTO ARTICULO_FAMOSO(ARTICULO_ID,NOMBRE_COMPLETO,BIOGRAFIA) VALUES(73,'Antoine Lavoisier',' qumico francs.');
INSERT INTO ARTICULO_FAMOSO(ARTICULO_ID,NOMBRE_COMPLETO,BIOGRAFIA) VALUES(74,'George Washington',' poltico estadounidense.');
INSERT INTO ARTICULO_FAMOSO(ARTICULO_ID,NOMBRE_COMPLETO,BIOGRAFIA) VALUES(75,'Gregory Pincus',' creador de la pldora anticonceptiva.');
INSERT INTO ARTICULO_FAMOSO(ARTICULO_ID,NOMBRE_COMPLETO,BIOGRAFIA) VALUES(76,'San Pablo',' apstol');
INSERT INTO ARTICULO_FAMOSO(ARTICULO_ID,NOMBRE_COMPLETO,BIOGRAFIA) VALUES(77,'Alexander Fleming',' descubridor de la penicilina.');
INSERT INTO ARTICULO_FAMOSO(ARTICULO_ID,NOMBRE_COMPLETO,BIOGRAFIA) VALUES(78,'Menes',' primer faran del Egipto unificado.');
INSERT INTO ARTICULO_FAMOSO(ARTICULO_ID,NOMBRE_COMPLETO,BIOGRAFIA) VALUES(79,'Ciro II el Grande',' emperador persa.');
INSERT INTO ARTICULO_FAMOSO(ARTICULO_ID,NOMBRE_COMPLETO,BIOGRAFIA) VALUES(80,'Nikolaus August Otto',' creador del motor de combustin interna.');
INSERT INTO ARTICULO_FAMOSO(ARTICULO_ID,NOMBRE_COMPLETO,BIOGRAFIA) VALUES(81,'Nicols Maquiavelo',' poltico y filsofo italiano.');
INSERT INTO ARTICULO_FAMOSO(ARTICULO_ID,NOMBRE_COMPLETO,BIOGRAFIA) VALUES(82,'Johannes Kepler',' astrnomo alemn.');
INSERT INTO ARTICULO_FAMOSO(ARTICULO_ID,NOMBRE_COMPLETO,BIOGRAFIA) VALUES(83,'Vasco de Gama',' marino portugus');
INSERT INTO ARTICULO_FAMOSO(ARTICULO_ID,NOMBRE_COMPLETO,BIOGRAFIA) VALUES(84,'Francisco Pizarro',' conquistador del imperio inca.');
INSERT INTO ARTICULO_FAMOSO(ARTICULO_ID,NOMBRE_COMPLETO,BIOGRAFIA) VALUES(85,'Guglielmo Marconi',' italiano inventor de la radio.');
INSERT INTO ARTICULO_FAMOSO(ARTICULO_ID,NOMBRE_COMPLETO,BIOGRAFIA) VALUES(86,'Carlomagno',' creador de un imperio que incluira la actuales Francia y Alemania y que sirvi de inspiracin para posteriores intentos de unificacin europea.');
INSERT INTO ARTICULO_FAMOSO(ARTICULO_ID,NOMBRE_COMPLETO,BIOGRAFIA) VALUES(87,'Simn Bolvar',' lder independentista sudamericano.');
INSERT INTO ARTICULO_FAMOSO(ARTICULO_ID,NOMBRE_COMPLETO,BIOGRAFIA) VALUES(88,'John Locke',' filsofo britnico.');
INSERT INTO ARTICULO_FAMOSO(ARTICULO_ID,NOMBRE_COMPLETO,BIOGRAFIA) VALUES(89,'Werner Heisenberg',' cientfico alemn.');
INSERT INTO ARTICULO_FAMOSO(ARTICULO_ID,NOMBRE_COMPLETO,BIOGRAFIA) VALUES(90,'Vasco de Gama',' marino portugus');
INSERT INTO ARTICULO_FAMOSO(ARTICULO_ID,NOMBRE_COMPLETO,BIOGRAFIA) VALUES(91,'Gregor Mendel',' descubridor de las leyes de la herencia gentica.');
INSERT INTO ARTICULO_FAMOSO(ARTICULO_ID,NOMBRE_COMPLETO,BIOGRAFIA) VALUES(92,'Werner Heisenberg',' cientfico alemn.');
INSERT INTO ARTICULO_FAMOSO(ARTICULO_ID,NOMBRE_COMPLETO,BIOGRAFIA) VALUES(93,'Mahoma',' Lider');
INSERT INTO ARTICULO_FAMOSO(ARTICULO_ID,NOMBRE_COMPLETO,BIOGRAFIA) VALUES(94,'Vladimir Illich Ulianov',' ms conocido como Lenin');
INSERT INTO ARTICULO_FAMOSO(ARTICULO_ID,NOMBRE_COMPLETO,BIOGRAFIA) VALUES(95,'Mijal Gorbachov',' desmont el comunismo desde dentro en la Unin Sovitica.');
INSERT INTO ARTICULO_FAMOSO(ARTICULO_ID,NOMBRE_COMPLETO,BIOGRAFIA) VALUES(96,'Antoine Lavoisier',' qumico francs.');
INSERT INTO ARTICULO_FAMOSO(ARTICULO_ID,NOMBRE_COMPLETO,BIOGRAFIA) VALUES(97,'Joseph Lister',' impulsor de la asepsia en las operaciones quirrgicas.');
INSERT INTO ARTICULO_FAMOSO(ARTICULO_ID,NOMBRE_COMPLETO,BIOGRAFIA) VALUES(98,'Platn',' filsofo griego.');
INSERT INTO ARTICULO_FAMOSO(ARTICULO_ID,NOMBRE_COMPLETO,BIOGRAFIA) VALUES(99,'Martn Lutero',' creador del protestantismo.');
INSERT INTO ARTICULO_FAMOSO(ARTICULO_ID,NOMBRE_COMPLETO,BIOGRAFIA) VALUES(100,'Isaac Newton',' Cientfico Ingls');
INSERT INTO ARTICULO_FAMOSO(ARTICULO_ID,NOMBRE_COMPLETO,BIOGRAFIA) VALUES(101,'Wilhelm Rntgen',' descubridor de los rayos X.');
INSERT INTO ARTICULO_FAMOSO(ARTICULO_ID,NOMBRE_COMPLETO,BIOGRAFIA) VALUES(102,'Isif Stalin',' poltico comunista ruso.');
INSERT INTO ARTICULO_FAMOSO(ARTICULO_ID,NOMBRE_COMPLETO,BIOGRAFIA) VALUES(103,'Anton van Leeuwenhoek',' inventor del microscopio');
INSERT INTO ARTICULO_FAMOSO(ARTICULO_ID,NOMBRE_COMPLETO,BIOGRAFIA) VALUES(104,'George Washington',' poltico estadounidense.');
INSERT INTO ARTICULO_FAMOSO(ARTICULO_ID,NOMBRE_COMPLETO,BIOGRAFIA) VALUES(105,'Johann Sebastian Bach',' msico alemn.');
INSERT INTO ARTICULO_FAMOSO(ARTICULO_ID,NOMBRE_COMPLETO,BIOGRAFIA) VALUES(106,'John F. Kennedy',' presidente estadounidense');
INSERT INTO ARTICULO_FAMOSO(ARTICULO_ID,NOMBRE_COMPLETO,BIOGRAFIA) VALUES(107,'Wilhelm Rntgen',' descubridor de los rayos X.');
INSERT INTO ARTICULO_FAMOSO(ARTICULO_ID,NOMBRE_COMPLETO,BIOGRAFIA) VALUES(108,'Henry Ford',' inventor de la produccin en cadena y de automviles.');
INSERT INTO ARTICULO_FAMOSO(ARTICULO_ID,NOMBRE_COMPLETO,BIOGRAFIA) VALUES(109,'Francisco Pizarro',' conquistador del imperio inca.');
INSERT INTO ARTICULO_FAMOSO(ARTICULO_ID,NOMBRE_COMPLETO,BIOGRAFIA) VALUES(110,'Aristteles',' filsofo griego.');
INSERT INTO ARTICULO_FAMOSO(ARTICULO_ID,NOMBRE_COMPLETO,BIOGRAFIA) VALUES(111,'Sigmund Freud',' mdico austraco');
INSERT INTO ARTICULO_FAMOSO(ARTICULO_ID,NOMBRE_COMPLETO,BIOGRAFIA) VALUES(112,'Moiss',' lder religioso del pueblo de Israel.');
INSERT INTO ARTICULO_FAMOSO(ARTICULO_ID,NOMBRE_COMPLETO,BIOGRAFIA) VALUES(113,'Sigmund Freud',' mdico austraco');
INSERT INTO ARTICULO_FAMOSO(ARTICULO_ID,NOMBRE_COMPLETO,BIOGRAFIA) VALUES(114,'Mahavira',' fundador de la religin jainista.');
INSERT INTO ARTICULO_FAMOSO(ARTICULO_ID,NOMBRE_COMPLETO,BIOGRAFIA) VALUES(115,'Ashoka',' principal difusor del budismo tras Buda.');
INSERT INTO ARTICULO_FAMOSO(ARTICULO_ID,NOMBRE_COMPLETO,BIOGRAFIA) VALUES(116,'San Agustn',' filsofo cristiano.');
INSERT INTO ARTICULO_FAMOSO(ARTICULO_ID,NOMBRE_COMPLETO,BIOGRAFIA) VALUES(117,'Galileo Galilei',' cientfico italiano.');
INSERT INTO ARTICULO_FAMOSO(ARTICULO_ID,NOMBRE_COMPLETO,BIOGRAFIA) VALUES(118,'Isif Stalin',' poltico comunista ruso.');
INSERT INTO ARTICULO_FAMOSO(ARTICULO_ID,NOMBRE_COMPLETO,BIOGRAFIA) VALUES(119,'Michael Faraday',' cientfico e inventor britnico.');
INSERT INTO ARTICULO_FAMOSO(ARTICULO_ID,NOMBRE_COMPLETO,BIOGRAFIA) VALUES(120,'Leonhard Euler',' matemtico suizo.');
INSERT INTO ARTICULO_FAMOSO(ARTICULO_ID,NOMBRE_COMPLETO,BIOGRAFIA) VALUES(121,'Zaratustra',' padre del zoroastrismo');
INSERT INTO ARTICULO_FAMOSO(ARTICULO_ID,NOMBRE_COMPLETO,BIOGRAFIA) VALUES(122,'George Washington',' poltico estadounidense.');
INSERT INTO ARTICULO_FAMOSO(ARTICULO_ID,NOMBRE_COMPLETO,BIOGRAFIA) VALUES(123,'Euclides',' matemtico griego.');
INSERT INTO ARTICULO_FAMOSO(ARTICULO_ID,NOMBRE_COMPLETO,BIOGRAFIA) VALUES(124,'Adam Smith',' economista britnico.');
INSERT INTO ARTICULO_FAMOSO(ARTICULO_ID,NOMBRE_COMPLETO,BIOGRAFIA) VALUES(125,'Guglielmo Marconi',' italiano inventor de la radio.');
INSERT INTO ARTICULO_FAMOSO(ARTICULO_ID,NOMBRE_COMPLETO,BIOGRAFIA) VALUES(126,'James Clerk Maxwell',' fsico britnico.');
INSERT INTO ARTICULO_FAMOSO(ARTICULO_ID,NOMBRE_COMPLETO,BIOGRAFIA) VALUES(127,'William Harvey',' descubridor de la circulacin mayor.');
INSERT INTO ARTICULO_FAMOSO(ARTICULO_ID,NOMBRE_COMPLETO,BIOGRAFIA) VALUES(128,'Sui Went-Ti',' unificador de China posterior a Shih Huang-Ti.');
INSERT INTO ARTICULO_FAMOSO(ARTICULO_ID,NOMBRE_COMPLETO,BIOGRAFIA) VALUES(129,'Adam Smith',' economista britnico.');
INSERT INTO ARTICULO_FAMOSO(ARTICULO_ID,NOMBRE_COMPLETO,BIOGRAFIA) VALUES(130,'Mani',' creador del maniquesmo.');
INSERT INTO ARTICULO_FAMOSO(ARTICULO_ID,NOMBRE_COMPLETO,BIOGRAFIA) VALUES(131,'Wilhelm Rntgen',' descubridor de los rayos X.');
INSERT INTO ARTICULO_FAMOSO(ARTICULO_ID,NOMBRE_COMPLETO,BIOGRAFIA) VALUES(132,'Urbano II',' el papa que impuls la Primera Cruzada.');
INSERT INTO ARTICULO_FAMOSO(ARTICULO_ID,NOMBRE_COMPLETO,BIOGRAFIA) VALUES(133,'Ciro II el Grande',' emperador persa.');
INSERT INTO ARTICULO_FAMOSO(ARTICULO_ID,NOMBRE_COMPLETO,BIOGRAFIA) VALUES(134,'Mijal Gorbachov',' desmont el comunismo desde dentro en la Unin Sovitica.');
INSERT INTO ARTICULO_FAMOSO(ARTICULO_ID,NOMBRE_COMPLETO,BIOGRAFIA) VALUES(135,'Mahoma',' Lider');
INSERT INTO ARTICULO_FAMOSO(ARTICULO_ID,NOMBRE_COMPLETO,BIOGRAFIA) VALUES(136,'Lao Tse',' filsofo chino.');
INSERT INTO ARTICULO_FAMOSO(ARTICULO_ID,NOMBRE_COMPLETO,BIOGRAFIA) VALUES(137,'Guillermo I de Inglaterra.','Rey de Inglaterra');
INSERT INTO ARTICULO_FAMOSO(ARTICULO_ID,NOMBRE_COMPLETO,BIOGRAFIA) VALUES(138,'Mahoma',' Lider');
INSERT INTO ARTICULO_FAMOSO(ARTICULO_ID,NOMBRE_COMPLETO,BIOGRAFIA) VALUES(139,'Isif Stalin',' poltico comunista ruso.');
INSERT INTO ARTICULO_FAMOSO(ARTICULO_ID,NOMBRE_COMPLETO,BIOGRAFIA) VALUES(140,'Werner Heisenberg',' cientfico alemn.');
INSERT INTO ARTICULO_FAMOSO(ARTICULO_ID,NOMBRE_COMPLETO,BIOGRAFIA) VALUES(141,'Thomas Malthus',' economista britnico');
INSERT INTO ARTICULO_FAMOSO(ARTICULO_ID,NOMBRE_COMPLETO,BIOGRAFIA) VALUES(142,'Mijal Gorbachov',' desmont el comunismo desde dentro en la Unin Sovitica.');
INSERT INTO ARTICULO_FAMOSO(ARTICULO_ID,NOMBRE_COMPLETO,BIOGRAFIA) VALUES(143,'Johannes Kepler',' astrnomo alemn.');
INSERT INTO ARTICULO_FAMOSO(ARTICULO_ID,NOMBRE_COMPLETO,BIOGRAFIA) VALUES(144,'Galileo Galilei',' cientfico italiano.');
INSERT INTO ARTICULO_FAMOSO(ARTICULO_ID,NOMBRE_COMPLETO,BIOGRAFIA) VALUES(145,'Napolen',' poltico y militar francs.');
INSERT INTO ARTICULO_FAMOSO(ARTICULO_ID,NOMBRE_COMPLETO,BIOGRAFIA) VALUES(146,'Mencio',' filsofo confucionista.');
INSERT INTO ARTICULO_FAMOSO(ARTICULO_ID,NOMBRE_COMPLETO,BIOGRAFIA) VALUES(147,'John Dalton',' cientfico britnico.');
INSERT INTO ARTICULO_FAMOSO(ARTICULO_ID,NOMBRE_COMPLETO,BIOGRAFIA) VALUES(148,'Napolen',' poltico y militar francs.');
INSERT INTO ARTICULO_FAMOSO(ARTICULO_ID,NOMBRE_COMPLETO,BIOGRAFIA) VALUES(149,'Lao Tse',' filsofo chino.');
INSERT INTO ARTICULO_FAMOSO(ARTICULO_ID,NOMBRE_COMPLETO,BIOGRAFIA) VALUES(150,'George Washington',' poltico estadounidense.');
INSERT INTO ARTICULO_FAMOSO(ARTICULO_ID,NOMBRE_COMPLETO,BIOGRAFIA) VALUES(151,'Julio Csar',' poltico y militar romano.');
INSERT INTO ARTICULO_FAMOSO(ARTICULO_ID,NOMBRE_COMPLETO,BIOGRAFIA) VALUES(152,'Hernn Corts',' conquistador del imperio azteca.');
INSERT INTO ARTICULO_FAMOSO(ARTICULO_ID,NOMBRE_COMPLETO,BIOGRAFIA) VALUES(153,'Gregor Mendel',' descubridor de las leyes de la herencia gentica.');
INSERT INTO ARTICULO_FAMOSO(ARTICULO_ID,NOMBRE_COMPLETO,BIOGRAFIA) VALUES(154,'Euclides',' matemtico griego.');
INSERT INTO ARTICULO_FAMOSO(ARTICULO_ID,NOMBRE_COMPLETO,BIOGRAFIA) VALUES(155,'Vasco de Gama',' marino portugus');
INSERT INTO ARTICULO_FAMOSO(ARTICULO_ID,NOMBRE_COMPLETO,BIOGRAFIA) VALUES(156,'Sui Went-Ti',' unificador de China posterior a Shih Huang-Ti.');
INSERT INTO ARTICULO_FAMOSO(ARTICULO_ID,NOMBRE_COMPLETO,BIOGRAFIA) VALUES(157,'Constantino el Grande',' emperador romano.');
INSERT INTO ARTICULO_FAMOSO(ARTICULO_ID,NOMBRE_COMPLETO,BIOGRAFIA) VALUES(158,'Thomas Malthus',' economista britnico');
INSERT INTO ARTICULO_FAMOSO(ARTICULO_ID,NOMBRE_COMPLETO,BIOGRAFIA) VALUES(159,'Carlomagno',' creador de un imperio que incluira la actuales Francia y Alemania y que sirvi de inspiracin para posteriores intentos de unificacin europea.');
INSERT INTO ARTICULO_FAMOSO(ARTICULO_ID,NOMBRE_COMPLETO,BIOGRAFIA) VALUES(160,'Isaac Newton',' Cientfico Ingls');
INSERT INTO ARTICULO_FAMOSO(ARTICULO_ID,NOMBRE_COMPLETO,BIOGRAFIA) VALUES(161,'Thomas Edison',' inventor estadounidense.');
INSERT INTO ARTICULO_FAMOSO(ARTICULO_ID,NOMBRE_COMPLETO,BIOGRAFIA) VALUES(162,'Buda',' fundador del budismo.');
INSERT INTO ARTICULO_FAMOSO(ARTICULO_ID,NOMBRE_COMPLETO,BIOGRAFIA) VALUES(163,'Guillermo I de Inglaterra.','Rey de Inglaterra');
INSERT INTO ARTICULO_FAMOSO(ARTICULO_ID,NOMBRE_COMPLETO,BIOGRAFIA) VALUES(164,'Isabel la Catlica',' aunque tambin Fernando,reyes espaoles');
INSERT INTO ARTICULO_FAMOSO(ARTICULO_ID,NOMBRE_COMPLETO,BIOGRAFIA) VALUES(165,'Ciro II el Grande',' emperador persa.');
INSERT INTO ARTICULO_FAMOSO(ARTICULO_ID,NOMBRE_COMPLETO,BIOGRAFIA) VALUES(166,'Thomas Edison',' inventor estadounidense.');
INSERT INTO ARTICULO_FAMOSO(ARTICULO_ID,NOMBRE_COMPLETO,BIOGRAFIA) VALUES(167,'Antoine Lavoisier',' qumico francs.');
INSERT INTO ARTICULO_FAMOSO(ARTICULO_ID,NOMBRE_COMPLETO,BIOGRAFIA) VALUES(168,'Miguel ngel',' escultor');
INSERT INTO ARTICULO_FAMOSO(ARTICULO_ID,NOMBRE_COMPLETO,BIOGRAFIA) VALUES(169,'Leonhard Euler',' matemtico suizo.');
INSERT INTO ARTICULO_FAMOSO(ARTICULO_ID,NOMBRE_COMPLETO,BIOGRAFIA) VALUES(170,'Alexander Fleming',' descubridor de la penicilina.');
INSERT INTO ARTICULO_FAMOSO(ARTICULO_ID,NOMBRE_COMPLETO,BIOGRAFIA) VALUES(171,'Sui Went-Ti',' unificador de China posterior a Shih Huang-Ti.');
INSERT INTO ARTICULO_FAMOSO(ARTICULO_ID,NOMBRE_COMPLETO,BIOGRAFIA) VALUES(172,'Constantino el Grande',' emperador romano.');
INSERT INTO ARTICULO_FAMOSO(ARTICULO_ID,NOMBRE_COMPLETO,BIOGRAFIA) VALUES(173,'William T.G. Morton',' inventor de la anestesia.');
INSERT INTO ARTICULO_FAMOSO(ARTICULO_ID,NOMBRE_COMPLETO,BIOGRAFIA) VALUES(174,'Ludwig van Beethoven',' msico alemn.');
INSERT INTO ARTICULO_FAMOSO(ARTICULO_ID,NOMBRE_COMPLETO,BIOGRAFIA) VALUES(175,'Thomas Malthus',' economista britnico');
INSERT INTO ARTICULO_FAMOSO(ARTICULO_ID,NOMBRE_COMPLETO,BIOGRAFIA) VALUES(176,'Isif Stalin',' poltico comunista ruso.');
INSERT INTO ARTICULO_FAMOSO(ARTICULO_ID,NOMBRE_COMPLETO,BIOGRAFIA) VALUES(177,'Johannes Kepler',' astrnomo alemn.');
INSERT INTO ARTICULO_FAMOSO(ARTICULO_ID,NOMBRE_COMPLETO,BIOGRAFIA) VALUES(178,'Leonhard Euler',' matemtico suizo.');
INSERT INTO ARTICULO_FAMOSO(ARTICULO_ID,NOMBRE_COMPLETO,BIOGRAFIA) VALUES(179,'Charles Darwin',' bilogo britnico.');
INSERT INTO ARTICULO_FAMOSO(ARTICULO_ID,NOMBRE_COMPLETO,BIOGRAFIA) VALUES(180,'Miguel ngel',' escultor');
INSERT INTO ARTICULO_FAMOSO(ARTICULO_ID,NOMBRE_COMPLETO,BIOGRAFIA) VALUES(181,'Thomas Edison',' inventor estadounidense.');
INSERT INTO ARTICULO_FAMOSO(ARTICULO_ID,NOMBRE_COMPLETO,BIOGRAFIA) VALUES(182,'Ashoka',' principal difusor del budismo tras Buda.');
INSERT INTO ARTICULO_FAMOSO(ARTICULO_ID,NOMBRE_COMPLETO,BIOGRAFIA) VALUES(183,'Wilhelm Rntgen',' descubridor de los rayos X.');
INSERT INTO ARTICULO_FAMOSO(ARTICULO_ID,NOMBRE_COMPLETO,BIOGRAFIA) VALUES(184,'Leonhard Euler',' matemtico suizo.');
INSERT INTO ARTICULO_FAMOSO(ARTICULO_ID,NOMBRE_COMPLETO,BIOGRAFIA) VALUES(185,'Louis Pasteur',' bioqumico francs.');
INSERT INTO ARTICULO_FAMOSO(ARTICULO_ID,NOMBRE_COMPLETO,BIOGRAFIA) VALUES(186,'Constantino el Grande',' emperador romano.');
INSERT INTO ARTICULO_FAMOSO(ARTICULO_ID,NOMBRE_COMPLETO,BIOGRAFIA) VALUES(187,'Qin Shi Huang',' primer emperador y unificador de China.');
INSERT INTO ARTICULO_FAMOSO(ARTICULO_ID,NOMBRE_COMPLETO,BIOGRAFIA) VALUES(188,'Gregor Mendel',' descubridor de las leyes de la herencia gentica.');
INSERT INTO ARTICULO_FAMOSO(ARTICULO_ID,NOMBRE_COMPLETO,BIOGRAFIA) VALUES(189,'Mencio',' filsofo confucionista.');
INSERT INTO ARTICULO_FAMOSO(ARTICULO_ID,NOMBRE_COMPLETO,BIOGRAFIA) VALUES(190,'Miguel ngel',' escultor');
INSERT INTO ARTICULO_FAMOSO(ARTICULO_ID,NOMBRE_COMPLETO,BIOGRAFIA) VALUES(191,'Urbano II',' el papa que impuls la Primera Cruzada.');
INSERT INTO ARTICULO_FAMOSO(ARTICULO_ID,NOMBRE_COMPLETO,BIOGRAFIA) VALUES(192,'Louis Daguerre',' principal inventor de la fotografa.');
INSERT INTO ARTICULO_FAMOSO(ARTICULO_ID,NOMBRE_COMPLETO,BIOGRAFIA) VALUES(193,'Jesucristo',' Creador del Cristianismo');
INSERT INTO ARTICULO_FAMOSO(ARTICULO_ID,NOMBRE_COMPLETO,BIOGRAFIA) VALUES(194,'Albert Einstein',' cientfico germano-suizo-estadounidense.');
INSERT INTO ARTICULO_FAMOSO(ARTICULO_ID,NOMBRE_COMPLETO,BIOGRAFIA) VALUES(195,'Mencio',' filsofo confucionista.');
INSERT INTO ARTICULO_FAMOSO(ARTICULO_ID,NOMBRE_COMPLETO,BIOGRAFIA) VALUES(196,'Karl Marx',' filsofo alemn.');
INSERT INTO ARTICULO_FAMOSO(ARTICULO_ID,NOMBRE_COMPLETO,BIOGRAFIA) VALUES(197,'Isif Stalin',' poltico comunista ruso.');
INSERT INTO ARTICULO_FAMOSO(ARTICULO_ID,NOMBRE_COMPLETO,BIOGRAFIA) VALUES(198,'Francis Bacon',' filsofo britnico');
INSERT INTO ARTICULO_FAMOSO(ARTICULO_ID,NOMBRE_COMPLETO,BIOGRAFIA) VALUES(199,'San Pablo',' apstol');
INSERT INTO ARTICULO_FAMOSO(ARTICULO_ID,NOMBRE_COMPLETO,BIOGRAFIA) VALUES(200,'Aristteles',' filsofo griego.');
INSERT INTO ARTICULO_FAMOSO(ARTICULO_ID,NOMBRE_COMPLETO,BIOGRAFIA) VALUES(201,'Ashoka',' principal difusor del budismo tras Buda.');
INSERT INTO ARTICULO_FAMOSO(ARTICULO_ID,NOMBRE_COMPLETO,BIOGRAFIA) VALUES(202,'Sui Went-Ti',' unificador de China posterior a Shih Huang-Ti.');
INSERT INTO ARTICULO_FAMOSO(ARTICULO_ID,NOMBRE_COMPLETO,BIOGRAFIA) VALUES(203,'Ren Descartes',' filsofo francs.');
INSERT INTO ARTICULO_FAMOSO(ARTICULO_ID,NOMBRE_COMPLETO,BIOGRAFIA) VALUES(204,'Euclides',' matemtico griego.');
INSERT INTO ARTICULO_FAMOSO(ARTICULO_ID,NOMBRE_COMPLETO,BIOGRAFIA) VALUES(205,'Virgen Mara',' madre de Jesucristo.');
INSERT INTO ARTICULO_FAMOSO(ARTICULO_ID,NOMBRE_COMPLETO,BIOGRAFIA) VALUES(206,'Nicols Coprnico',' astrnomo polaco.');
INSERT INTO ARTICULO_FAMOSO(ARTICULO_ID,NOMBRE_COMPLETO,BIOGRAFIA) VALUES(207,'Johannes Kepler',' astrnomo alemn.');
INSERT INTO ARTICULO_FAMOSO(ARTICULO_ID,NOMBRE_COMPLETO,BIOGRAFIA) VALUES(208,'Omar',' descendiente poltico de Mahoma');
INSERT INTO ARTICULO_FAMOSO(ARTICULO_ID,NOMBRE_COMPLETO,BIOGRAFIA) VALUES(209,'Alexander Fleming',' descubridor de la penicilina.');
INSERT INTO ARTICULO_FAMOSO(ARTICULO_ID,NOMBRE_COMPLETO,BIOGRAFIA) VALUES(210,'Albert Einstein',' cientfico germano-suizo-estadounidense.');
INSERT INTO ARTICULO_FAMOSO(ARTICULO_ID,NOMBRE_COMPLETO,BIOGRAFIA) VALUES(211,'Ernest Rutherford',' fsico neozelands.');
INSERT INTO ARTICULO_FAMOSO(ARTICULO_ID,NOMBRE_COMPLETO,BIOGRAFIA) VALUES(212,'Sigmund Freud',' mdico austraco');
INSERT INTO ARTICULO_FAMOSO(ARTICULO_ID,NOMBRE_COMPLETO,BIOGRAFIA) VALUES(213,'Lao Tse',' filsofo chino.');
INSERT INTO ARTICULO_FAMOSO(ARTICULO_ID,NOMBRE_COMPLETO,BIOGRAFIA) VALUES(214,'Lao Tse',' filsofo chino.');
INSERT INTO ARTICULO_FAMOSO(ARTICULO_ID,NOMBRE_COMPLETO,BIOGRAFIA) VALUES(215,'Edward Jenner',' inventor de la vacuna contra la viruela.');
INSERT INTO ARTICULO_FAMOSO(ARTICULO_ID,NOMBRE_COMPLETO,BIOGRAFIA) VALUES(216,'Alexander Fleming',' descubridor de la penicilina.');
INSERT INTO ARTICULO_FAMOSO(ARTICULO_ID,NOMBRE_COMPLETO,BIOGRAFIA) VALUES(217,'Buda',' fundador del budismo.');
INSERT INTO ARTICULO_FAMOSO(ARTICULO_ID,NOMBRE_COMPLETO,BIOGRAFIA) VALUES(218,'Lao Tse',' filsofo chino.');
INSERT INTO ARTICULO_FAMOSO(ARTICULO_ID,NOMBRE_COMPLETO,BIOGRAFIA) VALUES(219,'Alexander Fleming',' descubridor de la penicilina.');
INSERT INTO ARTICULO_FAMOSO(ARTICULO_ID,NOMBRE_COMPLETO,BIOGRAFIA) VALUES(220,'Simn Bolvar',' lder independentista sudamericano.');
INSERT INTO ARTICULO_FAMOSO(ARTICULO_ID,NOMBRE_COMPLETO,BIOGRAFIA) VALUES(221,'Johannes Gutenberg',' inventor de la imprenta.');
INSERT INTO ARTICULO_FAMOSO(ARTICULO_ID,NOMBRE_COMPLETO,BIOGRAFIA) VALUES(222,'Thomas Jefferson',' poltico y filsofo estadounidense.');
INSERT INTO ARTICULO_FAMOSO(ARTICULO_ID,NOMBRE_COMPLETO,BIOGRAFIA) VALUES(223,'Gregor Mendel',' descubridor de las leyes de la herencia gentica.');
INSERT INTO ARTICULO_FAMOSO(ARTICULO_ID,NOMBRE_COMPLETO,BIOGRAFIA) VALUES(224,'Alejandro Magno',' poltico y militar griego.');
INSERT INTO ARTICULO_FAMOSO(ARTICULO_ID,NOMBRE_COMPLETO,BIOGRAFIA) VALUES(225,'Adolf Hitler',' poltico alemn.');
INSERT INTO ARTICULO_FAMOSO(ARTICULO_ID,NOMBRE_COMPLETO,BIOGRAFIA) VALUES(226,'Augusto',' primer emperador romano.');
INSERT INTO ARTICULO_FAMOSO(ARTICULO_ID,NOMBRE_COMPLETO,BIOGRAFIA) VALUES(227,'Guglielmo Marconi',' italiano inventor de la radio.');
INSERT INTO ARTICULO_FAMOSO(ARTICULO_ID,NOMBRE_COMPLETO,BIOGRAFIA) VALUES(228,'Ludwig van Beethoven',' msico alemn.');
INSERT INTO ARTICULO_FAMOSO(ARTICULO_ID,NOMBRE_COMPLETO,BIOGRAFIA) VALUES(229,'Virgen Mara',' madre de Jesucristo.');
INSERT INTO ARTICULO_FAMOSO(ARTICULO_ID,NOMBRE_COMPLETO,BIOGRAFIA) VALUES(230,'William Harvey',' descubridor de la circulacin mayor.');
INSERT INTO ARTICULO_FAMOSO(ARTICULO_ID,NOMBRE_COMPLETO,BIOGRAFIA) VALUES(231,'Carlomagno',' creador de un imperio que incluira la actuales Francia y Alemania y que sirvi de inspiracin para posteriores intentos de unificacin europea.');
INSERT INTO ARTICULO_FAMOSO(ARTICULO_ID,NOMBRE_COMPLETO,BIOGRAFIA) VALUES(232,'Werner Heisenberg',' cientfico alemn.');
INSERT INTO ARTICULO_FAMOSO(ARTICULO_ID,NOMBRE_COMPLETO,BIOGRAFIA) VALUES(233,'Pedro I de Rusia',' emperador ruso');
INSERT INTO ARTICULO_FAMOSO(ARTICULO_ID,NOMBRE_COMPLETO,BIOGRAFIA) VALUES(234,'Isabel I de Inglaterra','Reina de Inglaterra');
INSERT INTO ARTICULO_FAMOSO(ARTICULO_ID,NOMBRE_COMPLETO,BIOGRAFIA) VALUES(235,'Constantino el Grande',' emperador romano.');
INSERT INTO ARTICULO_FAMOSO(ARTICULO_ID,NOMBRE_COMPLETO,BIOGRAFIA) VALUES(236,'Enrico Fermi',' inventor del primer reactor basado en la energa atmica');
INSERT INTO ARTICULO_FAMOSO(ARTICULO_ID,NOMBRE_COMPLETO,BIOGRAFIA) VALUES(237,'Augusto',' primer emperador romano.');
INSERT INTO ARTICULO_FAMOSO(ARTICULO_ID,NOMBRE_COMPLETO,BIOGRAFIA) VALUES(238,'Zaratustra',' padre del zoroastrismo');
INSERT INTO ARTICULO_FAMOSO(ARTICULO_ID,NOMBRE_COMPLETO,BIOGRAFIA) VALUES(239,'Karl Marx',' filsofo alemn.');
INSERT INTO ARTICULO_FAMOSO(ARTICULO_ID,NOMBRE_COMPLETO,BIOGRAFIA) VALUES(240,'Isif Stalin',' poltico comunista ruso.');
INSERT INTO ARTICULO_FAMOSO(ARTICULO_ID,NOMBRE_COMPLETO,BIOGRAFIA) VALUES(241,'William Harvey',' descubridor de la circulacin mayor.');
INSERT INTO ARTICULO_FAMOSO(ARTICULO_ID,NOMBRE_COMPLETO,BIOGRAFIA) VALUES(242,'Oliver Cromwell',' poltico britnico.');
INSERT INTO ARTICULO_FAMOSO(ARTICULO_ID,NOMBRE_COMPLETO,BIOGRAFIA) VALUES(243,'Ludwig van Beethoven',' msico alemn.');
INSERT INTO ARTICULO_FAMOSO(ARTICULO_ID,NOMBRE_COMPLETO,BIOGRAFIA) VALUES(244,'Menes',' primer faran del Egipto unificado.');
INSERT INTO ARTICULO_FAMOSO(ARTICULO_ID,NOMBRE_COMPLETO,BIOGRAFIA) VALUES(245,'Michael Faraday',' cientfico e inventor britnico.');
INSERT INTO ARTICULO_FAMOSO(ARTICULO_ID,NOMBRE_COMPLETO,BIOGRAFIA) VALUES(246,'Ludwig van Beethoven',' msico alemn.');
INSERT INTO ARTICULO_FAMOSO(ARTICULO_ID,NOMBRE_COMPLETO,BIOGRAFIA) VALUES(247,'Hernn Corts',' conquistador del imperio azteca.');
INSERT INTO ARTICULO_FAMOSO(ARTICULO_ID,NOMBRE_COMPLETO,BIOGRAFIA) VALUES(248,'Menes',' primer faran del Egipto unificado.');
INSERT INTO ARTICULO_FAMOSO(ARTICULO_ID,NOMBRE_COMPLETO,BIOGRAFIA) VALUES(249,'Platn',' filsofo griego.');
INSERT INTO ARTICULO_FAMOSO(ARTICULO_ID,NOMBRE_COMPLETO,BIOGRAFIA) VALUES(250,'Adam Smith',' economista britnico.');
INSERT INTO ARTICULO_FAMOSO(ARTICULO_ID,NOMBRE_COMPLETO,BIOGRAFIA) VALUES(251,'Alexander Fleming',' descubridor de la penicilina.');
INSERT INTO ARTICULO_FAMOSO(ARTICULO_ID,NOMBRE_COMPLETO,BIOGRAFIA) VALUES(252,'Augusto',' primer emperador romano.');
INSERT INTO ARTICULO_FAMOSO(ARTICULO_ID,NOMBRE_COMPLETO,BIOGRAFIA) VALUES(253,'Isabel I de Inglaterra','Reina de Inglaterra');
INSERT INTO ARTICULO_FAMOSO(ARTICULO_ID,NOMBRE_COMPLETO,BIOGRAFIA) VALUES(254,'Edward Jenner',' inventor de la vacuna contra la viruela.');
INSERT INTO ARTICULO_FAMOSO(ARTICULO_ID,NOMBRE_COMPLETO,BIOGRAFIA) VALUES(255,'Ashoka',' principal difusor del budismo tras Buda.');
INSERT INTO ARTICULO_FAMOSO(ARTICULO_ID,NOMBRE_COMPLETO,BIOGRAFIA) VALUES(256,'Mani',' creador del maniquesmo.');
INSERT INTO ARTICULO_FAMOSO(ARTICULO_ID,NOMBRE_COMPLETO,BIOGRAFIA) VALUES(257,'San Agustn',' filsofo cristiano.');
INSERT INTO ARTICULO_FAMOSO(ARTICULO_ID,NOMBRE_COMPLETO,BIOGRAFIA) VALUES(258,'Guglielmo Marconi',' italiano inventor de la radio.');
INSERT INTO ARTICULO_FAMOSO(ARTICULO_ID,NOMBRE_COMPLETO,BIOGRAFIA) VALUES(259,'Hermanos Wright',' Orville y Wilbur');
INSERT INTO ARTICULO_FAMOSO(ARTICULO_ID,NOMBRE_COMPLETO,BIOGRAFIA) VALUES(260,'Enrico Fermi',' inventor del primer reactor basado en la energa atmica');
INSERT INTO ARTICULO_FAMOSO(ARTICULO_ID,NOMBRE_COMPLETO,BIOGRAFIA) VALUES(261,'Wilhelm Rntgen',' descubridor de los rayos X.');
INSERT INTO ARTICULO_FAMOSO(ARTICULO_ID,NOMBRE_COMPLETO,BIOGRAFIA) VALUES(262,'Buda',' fundador del budismo.');
INSERT INTO ARTICULO_FAMOSO(ARTICULO_ID,NOMBRE_COMPLETO,BIOGRAFIA) VALUES(263,'Ciro II el Grande',' emperador persa.');
INSERT INTO ARTICULO_FAMOSO(ARTICULO_ID,NOMBRE_COMPLETO,BIOGRAFIA) VALUES(264,'Anton van Leeuwenhoek',' inventor del microscopio');
INSERT INTO ARTICULO_FAMOSO(ARTICULO_ID,NOMBRE_COMPLETO,BIOGRAFIA) VALUES(265,'Carlomagno',' creador de un imperio que incluira la actuales Francia y Alemania y que sirvi de inspiracin para posteriores intentos de unificacin europea.');
INSERT INTO ARTICULO_FAMOSO(ARTICULO_ID,NOMBRE_COMPLETO,BIOGRAFIA) VALUES(266,'Constantino el Grande',' emperador romano.');
INSERT INTO ARTICULO_FAMOSO(ARTICULO_ID,NOMBRE_COMPLETO,BIOGRAFIA) VALUES(267,'Francisco Pizarro',' conquistador del imperio inca.');
INSERT INTO ARTICULO_FAMOSO(ARTICULO_ID,NOMBRE_COMPLETO,BIOGRAFIA) VALUES(268,'John Locke',' filsofo britnico.');
INSERT INTO ARTICULO_FAMOSO(ARTICULO_ID,NOMBRE_COMPLETO,BIOGRAFIA) VALUES(269,'Adam Smith',' economista britnico.');
INSERT INTO ARTICULO_FAMOSO(ARTICULO_ID,NOMBRE_COMPLETO,BIOGRAFIA) VALUES(270,'Nikolaus August Otto',' creador del motor de combustin interna.');
INSERT INTO ARTICULO_FAMOSO(ARTICULO_ID,NOMBRE_COMPLETO,BIOGRAFIA) VALUES(271,'Joseph Lister',' impulsor de la asepsia en las operaciones quirrgicas.');
INSERT INTO ARTICULO_FAMOSO(ARTICULO_ID,NOMBRE_COMPLETO,BIOGRAFIA) VALUES(272,'Buda',' fundador del budismo.');
INSERT INTO ARTICULO_FAMOSO(ARTICULO_ID,NOMBRE_COMPLETO,BIOGRAFIA) VALUES(273,'Genghis Khan',' lder militar mongol.');
INSERT INTO ARTICULO_FAMOSO(ARTICULO_ID,NOMBRE_COMPLETO,BIOGRAFIA) VALUES(274,'Charles Darwin',' bilogo britnico.');
INSERT INTO ARTICULO_FAMOSO(ARTICULO_ID,NOMBRE_COMPLETO,BIOGRAFIA) VALUES(275,'William T.G. Morton',' inventor de la anestesia.');
INSERT INTO ARTICULO_FAMOSO(ARTICULO_ID,NOMBRE_COMPLETO,BIOGRAFIA) VALUES(276,'Buda',' fundador del budismo.');
INSERT INTO ARTICULO_FAMOSO(ARTICULO_ID,NOMBRE_COMPLETO,BIOGRAFIA) VALUES(277,'Francis Bacon',' filsofo britnico');
INSERT INTO ARTICULO_FAMOSO(ARTICULO_ID,NOMBRE_COMPLETO,BIOGRAFIA) VALUES(278,'Nikolaus August Otto',' creador del motor de combustin interna.');
INSERT INTO ARTICULO_FAMOSO(ARTICULO_ID,NOMBRE_COMPLETO,BIOGRAFIA) VALUES(279,'Omar',' descendiente poltico de Mahoma');
INSERT INTO ARTICULO_FAMOSO(ARTICULO_ID,NOMBRE_COMPLETO,BIOGRAFIA) VALUES(280,'Enrico Fermi',' inventor del primer reactor basado en la energa atmica');
INSERT INTO ARTICULO_FAMOSO(ARTICULO_ID,NOMBRE_COMPLETO,BIOGRAFIA) VALUES(281,'Wilhelm Rntgen',' descubridor de los rayos X.');
INSERT INTO ARTICULO_FAMOSO(ARTICULO_ID,NOMBRE_COMPLETO,BIOGRAFIA) VALUES(282,'Sui Went-Ti',' unificador de China posterior a Shih Huang-Ti.');
INSERT INTO ARTICULO_FAMOSO(ARTICULO_ID,NOMBRE_COMPLETO,BIOGRAFIA) VALUES(283,'Jesucristo',' Creador del Cristianismo');
INSERT INTO ARTICULO_FAMOSO(ARTICULO_ID,NOMBRE_COMPLETO,BIOGRAFIA) VALUES(284,'Alexander Graham Bell',' inventor del telfono.');
INSERT INTO ARTICULO_FAMOSO(ARTICULO_ID,NOMBRE_COMPLETO,BIOGRAFIA) VALUES(285,'Cristbal Coln',' descubridor de Amrica.');
INSERT INTO ARTICULO_FAMOSO(ARTICULO_ID,NOMBRE_COMPLETO,BIOGRAFIA) VALUES(286,'Anton van Leeuwenhoek',' inventor del microscopio');
INSERT INTO ARTICULO_FAMOSO(ARTICULO_ID,NOMBRE_COMPLETO,BIOGRAFIA) VALUES(287,'Max Planck',' fsico alemn.');
INSERT INTO ARTICULO_FAMOSO(ARTICULO_ID,NOMBRE_COMPLETO,BIOGRAFIA) VALUES(288,'Antoine Lavoisier',' qumico francs.');
INSERT INTO ARTICULO_FAMOSO(ARTICULO_ID,NOMBRE_COMPLETO,BIOGRAFIA) VALUES(289,'Moiss',' lder religioso del pueblo de Israel.');
INSERT INTO ARTICULO_FAMOSO(ARTICULO_ID,NOMBRE_COMPLETO,BIOGRAFIA) VALUES(290,'Gregory Pincus',' creador de la pldora anticonceptiva.');
INSERT INTO ARTICULO_FAMOSO(ARTICULO_ID,NOMBRE_COMPLETO,BIOGRAFIA) VALUES(291,'Alejandro Magno',' poltico y militar griego.');
INSERT INTO ARTICULO_FAMOSO(ARTICULO_ID,NOMBRE_COMPLETO,BIOGRAFIA) VALUES(292,'Nicols Maquiavelo',' poltico y filsofo italiano.');
INSERT INTO ARTICULO_FAMOSO(ARTICULO_ID,NOMBRE_COMPLETO,BIOGRAFIA) VALUES(293,'Ludwig van Beethoven',' msico alemn.');
INSERT INTO ARTICULO_FAMOSO(ARTICULO_ID,NOMBRE_COMPLETO,BIOGRAFIA) VALUES(294,'Mahavira',' fundador de la religin jainista.');
INSERT INTO ARTICULO_FAMOSO(ARTICULO_ID,NOMBRE_COMPLETO,BIOGRAFIA) VALUES(295,'Thomas Malthus',' economista britnico');
INSERT INTO ARTICULO_FAMOSO(ARTICULO_ID,NOMBRE_COMPLETO,BIOGRAFIA) VALUES(296,'Enrico Fermi',' inventor del primer reactor basado en la energa atmica');
INSERT INTO ARTICULO_FAMOSO(ARTICULO_ID,NOMBRE_COMPLETO,BIOGRAFIA) VALUES(297,'Michael Faraday',' cientfico e inventor britnico.');
INSERT INTO ARTICULO_FAMOSO(ARTICULO_ID,NOMBRE_COMPLETO,BIOGRAFIA) VALUES(298,'Galileo Galilei',' cientfico italiano.');
INSERT INTO ARTICULO_FAMOSO(ARTICULO_ID,NOMBRE_COMPLETO,BIOGRAFIA) VALUES(299,'Louis Pasteur',' bioqumico francs.');
INSERT INTO ARTICULO_FAMOSO(ARTICULO_ID,NOMBRE_COMPLETO,BIOGRAFIA) VALUES(300,'Isabel I de Inglaterra','Reina de Inglaterra');
INSERT INTO ARTICULO_FAMOSO(ARTICULO_ID,NOMBRE_COMPLETO,BIOGRAFIA) VALUES(301,'Virgen Mara',' madre de Jesucristo.');
INSERT INTO ARTICULO_FAMOSO(ARTICULO_ID,NOMBRE_COMPLETO,BIOGRAFIA) VALUES(302,'Omar',' descendiente poltico de Mahoma');
INSERT INTO ARTICULO_FAMOSO(ARTICULO_ID,NOMBRE_COMPLETO,BIOGRAFIA) VALUES(303,'Johannes Kepler',' astrnomo alemn.');
INSERT INTO ARTICULO_FAMOSO(ARTICULO_ID,NOMBRE_COMPLETO,BIOGRAFIA) VALUES(304,'Franois Marie Arouet',' ms conocido como Voltaire');
INSERT INTO ARTICULO_FAMOSO(ARTICULO_ID,NOMBRE_COMPLETO,BIOGRAFIA) VALUES(305,'Ren Descartes',' filsofo francs.');
INSERT INTO ARTICULO_FAMOSO(ARTICULO_ID,NOMBRE_COMPLETO,BIOGRAFIA) VALUES(306,'Mahavira',' fundador de la religin jainista.');
INSERT INTO ARTICULO_FAMOSO(ARTICULO_ID,NOMBRE_COMPLETO,BIOGRAFIA) VALUES(307,'Sui Went-Ti',' unificador de China posterior a Shih Huang-Ti.');
INSERT INTO ARTICULO_FAMOSO(ARTICULO_ID,NOMBRE_COMPLETO,BIOGRAFIA) VALUES(308,'Jesucristo',' Creador del Cristianismo');
INSERT INTO ARTICULO_FAMOSO(ARTICULO_ID,NOMBRE_COMPLETO,BIOGRAFIA) VALUES(309,'Mijal Gorbachov',' desmont el comunismo desde dentro en la Unin Sovitica.');
INSERT INTO ARTICULO_FAMOSO(ARTICULO_ID,NOMBRE_COMPLETO,BIOGRAFIA) VALUES(310,'Isif Stalin',' poltico comunista ruso.');
INSERT INTO ARTICULO_FAMOSO(ARTICULO_ID,NOMBRE_COMPLETO,BIOGRAFIA) VALUES(311,'Moiss',' lder religioso del pueblo de Israel.');
INSERT INTO ARTICULO_FAMOSO(ARTICULO_ID,NOMBRE_COMPLETO,BIOGRAFIA) VALUES(312,'Adolf Hitler',' poltico alemn.');
INSERT INTO ARTICULO_FAMOSO(ARTICULO_ID,NOMBRE_COMPLETO,BIOGRAFIA) VALUES(313,'Euclides',' matemtico griego.');
INSERT INTO ARTICULO_FAMOSO(ARTICULO_ID,NOMBRE_COMPLETO,BIOGRAFIA) VALUES(314,'Justiniano I',' emperador bizantino.');
INSERT INTO ARTICULO_FAMOSO(ARTICULO_ID,NOMBRE_COMPLETO,BIOGRAFIA) VALUES(315,'Nicols Coprnico',' astrnomo polaco.');


--ARTICULO ARQUEOLOGICO
INSERT INTO ARTICULO_ARQUEOLOGICO(ARTICULO_ID,ANIO_HALLAZGO,EPOCA) VALUES(1,1861,'DC');
INSERT INTO ARTICULO_ARQUEOLOGICO(ARTICULO_ID,ANIO_HALLAZGO,EPOCA) VALUES(2,1821,'DC');
INSERT INTO ARTICULO_ARQUEOLOGICO(ARTICULO_ID,ANIO_HALLAZGO,EPOCA) VALUES(3,1613,'DC');
INSERT INTO ARTICULO_ARQUEOLOGICO(ARTICULO_ID,ANIO_HALLAZGO,EPOCA) VALUES(4,1524,'DC');
INSERT INTO ARTICULO_ARQUEOLOGICO(ARTICULO_ID,ANIO_HALLAZGO,EPOCA) VALUES(5,1744,'DC');
INSERT INTO ARTICULO_ARQUEOLOGICO(ARTICULO_ID,ANIO_HALLAZGO,EPOCA) VALUES(6,1571,'DC');
INSERT INTO ARTICULO_ARQUEOLOGICO(ARTICULO_ID,ANIO_HALLAZGO,EPOCA) VALUES(7,1690,'DC');
INSERT INTO ARTICULO_ARQUEOLOGICO(ARTICULO_ID,ANIO_HALLAZGO,EPOCA) VALUES(8,1722,'DC');
INSERT INTO ARTICULO_ARQUEOLOGICO(ARTICULO_ID,ANIO_HALLAZGO,EPOCA) VALUES(9,1839,'DC');
INSERT INTO ARTICULO_ARQUEOLOGICO(ARTICULO_ID,ANIO_HALLAZGO,EPOCA) VALUES(10,1532,'DC');
INSERT INTO ARTICULO_ARQUEOLOGICO(ARTICULO_ID,ANIO_HALLAZGO,EPOCA) VALUES(11,1833,'DC');
INSERT INTO ARTICULO_ARQUEOLOGICO(ARTICULO_ID,ANIO_HALLAZGO,EPOCA) VALUES(12,1695,'DC');
INSERT INTO ARTICULO_ARQUEOLOGICO(ARTICULO_ID,ANIO_HALLAZGO,EPOCA) VALUES(13,1817,'DC');
INSERT INTO ARTICULO_ARQUEOLOGICO(ARTICULO_ID,ANIO_HALLAZGO,EPOCA) VALUES(14,1626,'DC');
INSERT INTO ARTICULO_ARQUEOLOGICO(ARTICULO_ID,ANIO_HALLAZGO,EPOCA) VALUES(15,1574,'DC');
INSERT INTO ARTICULO_ARQUEOLOGICO(ARTICULO_ID,ANIO_HALLAZGO,EPOCA) VALUES(16,1825,'DC');
INSERT INTO ARTICULO_ARQUEOLOGICO(ARTICULO_ID,ANIO_HALLAZGO,EPOCA) VALUES(17,1560,'DC');
INSERT INTO ARTICULO_ARQUEOLOGICO(ARTICULO_ID,ANIO_HALLAZGO,EPOCA) VALUES(18,1644,'DC');
INSERT INTO ARTICULO_ARQUEOLOGICO(ARTICULO_ID,ANIO_HALLAZGO,EPOCA) VALUES(19,1620,'DC');
INSERT INTO ARTICULO_ARQUEOLOGICO(ARTICULO_ID,ANIO_HALLAZGO,EPOCA) VALUES(20,1502,'DC');
INSERT INTO ARTICULO_ARQUEOLOGICO(ARTICULO_ID,ANIO_HALLAZGO,EPOCA) VALUES(21,1603,'DC');
INSERT INTO ARTICULO_ARQUEOLOGICO(ARTICULO_ID,ANIO_HALLAZGO,EPOCA) VALUES(22,1731,'DC');
INSERT INTO ARTICULO_ARQUEOLOGICO(ARTICULO_ID,ANIO_HALLAZGO,EPOCA) VALUES(23,1699,'DC');
INSERT INTO ARTICULO_ARQUEOLOGICO(ARTICULO_ID,ANIO_HALLAZGO,EPOCA) VALUES(24,1505,'DC');
INSERT INTO ARTICULO_ARQUEOLOGICO(ARTICULO_ID,ANIO_HALLAZGO,EPOCA) VALUES(25,1788,'DC');
INSERT INTO ARTICULO_ARQUEOLOGICO(ARTICULO_ID,ANIO_HALLAZGO,EPOCA) VALUES(26,1602,'DC');
INSERT INTO ARTICULO_ARQUEOLOGICO(ARTICULO_ID,ANIO_HALLAZGO,EPOCA) VALUES(27,1841,'DC');
INSERT INTO ARTICULO_ARQUEOLOGICO(ARTICULO_ID,ANIO_HALLAZGO,EPOCA) VALUES(28,1778,'DC');
INSERT INTO ARTICULO_ARQUEOLOGICO(ARTICULO_ID,ANIO_HALLAZGO,EPOCA) VALUES(29,1626,'DC');
INSERT INTO ARTICULO_ARQUEOLOGICO(ARTICULO_ID,ANIO_HALLAZGO,EPOCA) VALUES(30,1620,'DC');
INSERT INTO ARTICULO_ARQUEOLOGICO(ARTICULO_ID,ANIO_HALLAZGO,EPOCA) VALUES(31,1643,'DC');
INSERT INTO ARTICULO_ARQUEOLOGICO(ARTICULO_ID,ANIO_HALLAZGO,EPOCA) VALUES(32,1792,'DC');
INSERT INTO ARTICULO_ARQUEOLOGICO(ARTICULO_ID,ANIO_HALLAZGO,EPOCA) VALUES(33,1731,'DC');
INSERT INTO ARTICULO_ARQUEOLOGICO(ARTICULO_ID,ANIO_HALLAZGO,EPOCA) VALUES(34,1521,'DC');
INSERT INTO ARTICULO_ARQUEOLOGICO(ARTICULO_ID,ANIO_HALLAZGO,EPOCA) VALUES(35,1601,'DC');
INSERT INTO ARTICULO_ARQUEOLOGICO(ARTICULO_ID,ANIO_HALLAZGO,EPOCA) VALUES(36,1563,'DC');
INSERT INTO ARTICULO_ARQUEOLOGICO(ARTICULO_ID,ANIO_HALLAZGO,EPOCA) VALUES(37,1500,'DC');
INSERT INTO ARTICULO_ARQUEOLOGICO(ARTICULO_ID,ANIO_HALLAZGO,EPOCA) VALUES(38,1562,'DC');
INSERT INTO ARTICULO_ARQUEOLOGICO(ARTICULO_ID,ANIO_HALLAZGO,EPOCA) VALUES(39,1793,'DC');
INSERT INTO ARTICULO_ARQUEOLOGICO(ARTICULO_ID,ANIO_HALLAZGO,EPOCA) VALUES(40,1888,'DC');
INSERT INTO ARTICULO_ARQUEOLOGICO(ARTICULO_ID,ANIO_HALLAZGO,EPOCA) VALUES(41,1818,'DC');
INSERT INTO ARTICULO_ARQUEOLOGICO(ARTICULO_ID,ANIO_HALLAZGO,EPOCA) VALUES(42,1621,'DC');
INSERT INTO ARTICULO_ARQUEOLOGICO(ARTICULO_ID,ANIO_HALLAZGO,EPOCA) VALUES(43,1581,'DC');
INSERT INTO ARTICULO_ARQUEOLOGICO(ARTICULO_ID,ANIO_HALLAZGO,EPOCA) VALUES(44,1564,'DC');
INSERT INTO ARTICULO_ARQUEOLOGICO(ARTICULO_ID,ANIO_HALLAZGO,EPOCA) VALUES(45,1691,'DC');
INSERT INTO ARTICULO_ARQUEOLOGICO(ARTICULO_ID,ANIO_HALLAZGO,EPOCA) VALUES(46,1682,'DC');
INSERT INTO ARTICULO_ARQUEOLOGICO(ARTICULO_ID,ANIO_HALLAZGO,EPOCA) VALUES(47,1746,'DC');
INSERT INTO ARTICULO_ARQUEOLOGICO(ARTICULO_ID,ANIO_HALLAZGO,EPOCA) VALUES(48,1627,'DC');
INSERT INTO ARTICULO_ARQUEOLOGICO(ARTICULO_ID,ANIO_HALLAZGO,EPOCA) VALUES(49,1585,'DC');
INSERT INTO ARTICULO_ARQUEOLOGICO(ARTICULO_ID,ANIO_HALLAZGO,EPOCA) VALUES(50,1767,'DC');
INSERT INTO ARTICULO_ARQUEOLOGICO(ARTICULO_ID,ANIO_HALLAZGO,EPOCA) VALUES(51,1502,'DC');
INSERT INTO ARTICULO_ARQUEOLOGICO(ARTICULO_ID,ANIO_HALLAZGO,EPOCA) VALUES(52,1560,'DC');
INSERT INTO ARTICULO_ARQUEOLOGICO(ARTICULO_ID,ANIO_HALLAZGO,EPOCA) VALUES(53,1722,'DC');
INSERT INTO ARTICULO_ARQUEOLOGICO(ARTICULO_ID,ANIO_HALLAZGO,EPOCA) VALUES(54,1825,'DC');
INSERT INTO ARTICULO_ARQUEOLOGICO(ARTICULO_ID,ANIO_HALLAZGO,EPOCA) VALUES(55,1717,'DC');
INSERT INTO ARTICULO_ARQUEOLOGICO(ARTICULO_ID,ANIO_HALLAZGO,EPOCA) VALUES(56,1732,'DC');
INSERT INTO ARTICULO_ARQUEOLOGICO(ARTICULO_ID,ANIO_HALLAZGO,EPOCA) VALUES(57,1540,'DC');
INSERT INTO ARTICULO_ARQUEOLOGICO(ARTICULO_ID,ANIO_HALLAZGO,EPOCA) VALUES(58,1862,'DC');
INSERT INTO ARTICULO_ARQUEOLOGICO(ARTICULO_ID,ANIO_HALLAZGO,EPOCA) VALUES(59,1528,'DC');
INSERT INTO ARTICULO_ARQUEOLOGICO(ARTICULO_ID,ANIO_HALLAZGO,EPOCA) VALUES(60,1555,'DC');
INSERT INTO ARTICULO_ARQUEOLOGICO(ARTICULO_ID,ANIO_HALLAZGO,EPOCA) VALUES(61,1619,'DC');
INSERT INTO ARTICULO_ARQUEOLOGICO(ARTICULO_ID,ANIO_HALLAZGO,EPOCA) VALUES(62,1622,'DC');
INSERT INTO ARTICULO_ARQUEOLOGICO(ARTICULO_ID,ANIO_HALLAZGO,EPOCA) VALUES(63,1832,'DC');
INSERT INTO ARTICULO_ARQUEOLOGICO(ARTICULO_ID,ANIO_HALLAZGO,EPOCA) VALUES(64,1582,'DC');
INSERT INTO ARTICULO_ARQUEOLOGICO(ARTICULO_ID,ANIO_HALLAZGO,EPOCA) VALUES(65,1644,'DC');

--ARTICULO DONADO

INSERT INTO ARTICULO_DONADO(ARTICULO_ID,PAIS_ID,FECHA_DONACION) VALUES(316,41,TO_DATE('01/05/2000','DD/MM/YYYY'));
INSERT INTO ARTICULO_DONADO(ARTICULO_ID,PAIS_ID,FECHA_DONACION) VALUES(317,10,TO_DATE('01/08/1998','DD/MM/YYYY'));
INSERT INTO ARTICULO_DONADO(ARTICULO_ID,PAIS_ID,FECHA_DONACION) VALUES(318,31,TO_DATE('30/01/2001','DD/MM/YYYY'));
INSERT INTO ARTICULO_DONADO(ARTICULO_ID,PAIS_ID,FECHA_DONACION) VALUES(319,32,TO_DATE('19/10/2000','DD/MM/YYYY'));
INSERT INTO ARTICULO_DONADO(ARTICULO_ID,PAIS_ID,FECHA_DONACION) VALUES(320,41,TO_DATE('27/12/2003','DD/MM/YYYY'));
INSERT INTO ARTICULO_DONADO(ARTICULO_ID,PAIS_ID,FECHA_DONACION) VALUES(321,35,TO_DATE('29/11/1996','DD/MM/YYYY'));
INSERT INTO ARTICULO_DONADO(ARTICULO_ID,PAIS_ID,FECHA_DONACION) VALUES(322,8,TO_DATE('08/07/1998','DD/MM/YYYY'));
INSERT INTO ARTICULO_DONADO(ARTICULO_ID,PAIS_ID,FECHA_DONACION) VALUES(323,46,TO_DATE('12/06/1995','DD/MM/YYYY'));
INSERT INTO ARTICULO_DONADO(ARTICULO_ID,PAIS_ID,FECHA_DONACION) VALUES(324,25,TO_DATE('27/04/2001','DD/MM/YYYY'));
INSERT INTO ARTICULO_DONADO(ARTICULO_ID,PAIS_ID,FECHA_DONACION) VALUES(325,14,TO_DATE('04/08/2002','DD/MM/YYYY'));
INSERT INTO ARTICULO_DONADO(ARTICULO_ID,PAIS_ID,FECHA_DONACION) VALUES(326,41,TO_DATE('02/01/1996','DD/MM/YYYY'));
INSERT INTO ARTICULO_DONADO(ARTICULO_ID,PAIS_ID,FECHA_DONACION) VALUES(327,42,TO_DATE('04/07/1995','DD/MM/YYYY'));
INSERT INTO ARTICULO_DONADO(ARTICULO_ID,PAIS_ID,FECHA_DONACION) VALUES(328,35,TO_DATE('12/08/2002','DD/MM/YYYY'));
INSERT INTO ARTICULO_DONADO(ARTICULO_ID,PAIS_ID,FECHA_DONACION) VALUES(329,6,TO_DATE('30/03/1995','DD/MM/YYYY'));
INSERT INTO ARTICULO_DONADO(ARTICULO_ID,PAIS_ID,FECHA_DONACION) VALUES(330,26,TO_DATE('19/11/2004','DD/MM/YYYY'));
INSERT INTO ARTICULO_DONADO(ARTICULO_ID,PAIS_ID,FECHA_DONACION) VALUES(331,34,TO_DATE('14/02/1996','DD/MM/YYYY'));
INSERT INTO ARTICULO_DONADO(ARTICULO_ID,PAIS_ID,FECHA_DONACION) VALUES(332,10,TO_DATE('20/06/2001','DD/MM/YYYY'));
INSERT INTO ARTICULO_DONADO(ARTICULO_ID,PAIS_ID,FECHA_DONACION) VALUES(333,11,TO_DATE('20/10/2001','DD/MM/YYYY'));
INSERT INTO ARTICULO_DONADO(ARTICULO_ID,PAIS_ID,FECHA_DONACION) VALUES(334,37,TO_DATE('06/03/2001','DD/MM/YYYY'));
INSERT INTO ARTICULO_DONADO(ARTICULO_ID,PAIS_ID,FECHA_DONACION) VALUES(335,28,TO_DATE('18/01/2001','DD/MM/YYYY'));
INSERT INTO ARTICULO_DONADO(ARTICULO_ID,PAIS_ID,FECHA_DONACION) VALUES(336,20,TO_DATE('16/06/2004','DD/MM/YYYY'));
INSERT INTO ARTICULO_DONADO(ARTICULO_ID,PAIS_ID,FECHA_DONACION) VALUES(337,36,TO_DATE('01/04/1995','DD/MM/YYYY'));
INSERT INTO ARTICULO_DONADO(ARTICULO_ID,PAIS_ID,FECHA_DONACION) VALUES(338,13,TO_DATE('12/04/1995','DD/MM/YYYY'));
INSERT INTO ARTICULO_DONADO(ARTICULO_ID,PAIS_ID,FECHA_DONACION) VALUES(339,12,TO_DATE('25/10/1996','DD/MM/YYYY'));
INSERT INTO ARTICULO_DONADO(ARTICULO_ID,PAIS_ID,FECHA_DONACION) VALUES(340,42,TO_DATE('09/04/2002','DD/MM/YYYY'));
INSERT INTO ARTICULO_DONADO(ARTICULO_ID,PAIS_ID,FECHA_DONACION) VALUES(341,7,TO_DATE('14/07/2002','DD/MM/YYYY'));
INSERT INTO ARTICULO_DONADO(ARTICULO_ID,PAIS_ID,FECHA_DONACION) VALUES(342,7,TO_DATE('03/02/2002','DD/MM/YYYY'));
INSERT INTO ARTICULO_DONADO(ARTICULO_ID,PAIS_ID,FECHA_DONACION) VALUES(343,11,TO_DATE('02/11/1997','DD/MM/YYYY'));
INSERT INTO ARTICULO_DONADO(ARTICULO_ID,PAIS_ID,FECHA_DONACION) VALUES(344,17,TO_DATE('21/12/2004','DD/MM/YYYY'));
INSERT INTO ARTICULO_DONADO(ARTICULO_ID,PAIS_ID,FECHA_DONACION) VALUES(345,48,TO_DATE('28/01/2000','DD/MM/YYYY'));
INSERT INTO ARTICULO_DONADO(ARTICULO_ID,PAIS_ID,FECHA_DONACION) VALUES(346,52,TO_DATE('31/12/2003','DD/MM/YYYY'));
INSERT INTO ARTICULO_DONADO(ARTICULO_ID,PAIS_ID,FECHA_DONACION) VALUES(347,8,TO_DATE('30/07/1997','DD/MM/YYYY'));
INSERT INTO ARTICULO_DONADO(ARTICULO_ID,PAIS_ID,FECHA_DONACION) VALUES(348,25,TO_DATE('30/11/1999','DD/MM/YYYY'));
INSERT INTO ARTICULO_DONADO(ARTICULO_ID,PAIS_ID,FECHA_DONACION) VALUES(349,15,TO_DATE('25/01/2003','DD/MM/YYYY'));
INSERT INTO ARTICULO_DONADO(ARTICULO_ID,PAIS_ID,FECHA_DONACION) VALUES(350,47,TO_DATE('04/01/1999','DD/MM/YYYY'));
INSERT INTO ARTICULO_DONADO(ARTICULO_ID,PAIS_ID,FECHA_DONACION) VALUES(351,38,TO_DATE('17/09/1998','DD/MM/YYYY'));
INSERT INTO ARTICULO_DONADO(ARTICULO_ID,PAIS_ID,FECHA_DONACION) VALUES(352,30,TO_DATE('05/04/1997','DD/MM/YYYY'));
INSERT INTO ARTICULO_DONADO(ARTICULO_ID,PAIS_ID,FECHA_DONACION) VALUES(353,24,TO_DATE('27/03/1995','DD/MM/YYYY'));
INSERT INTO ARTICULO_DONADO(ARTICULO_ID,PAIS_ID,FECHA_DONACION) VALUES(354,27,TO_DATE('26/09/2001','DD/MM/YYYY'));
INSERT INTO ARTICULO_DONADO(ARTICULO_ID,PAIS_ID,FECHA_DONACION) VALUES(355,45,TO_DATE('31/10/2000','DD/MM/YYYY'));
INSERT INTO ARTICULO_DONADO(ARTICULO_ID,PAIS_ID,FECHA_DONACION) VALUES(356,8,TO_DATE('03/10/2004','DD/MM/YYYY'));
INSERT INTO ARTICULO_DONADO(ARTICULO_ID,PAIS_ID,FECHA_DONACION) VALUES(357,37,TO_DATE('14/12/1998','DD/MM/YYYY'));
INSERT INTO ARTICULO_DONADO(ARTICULO_ID,PAIS_ID,FECHA_DONACION) VALUES(358,19,TO_DATE('18/04/1995','DD/MM/YYYY'));
INSERT INTO ARTICULO_DONADO(ARTICULO_ID,PAIS_ID,FECHA_DONACION) VALUES(359,37,TO_DATE('29/09/1997','DD/MM/YYYY'));
INSERT INTO ARTICULO_DONADO(ARTICULO_ID,PAIS_ID,FECHA_DONACION) VALUES(360,27,TO_DATE('12/03/2000','DD/MM/YYYY'));
INSERT INTO ARTICULO_DONADO(ARTICULO_ID,PAIS_ID,FECHA_DONACION) VALUES(361,34,TO_DATE('15/10/2001','DD/MM/YYYY'));
INSERT INTO ARTICULO_DONADO(ARTICULO_ID,PAIS_ID,FECHA_DONACION) VALUES(362,5,TO_DATE('11/03/1998','DD/MM/YYYY'));
INSERT INTO ARTICULO_DONADO(ARTICULO_ID,PAIS_ID,FECHA_DONACION) VALUES(363,34,TO_DATE('04/08/1997','DD/MM/YYYY'));
INSERT INTO ARTICULO_DONADO(ARTICULO_ID,PAIS_ID,FECHA_DONACION) VALUES(364,48,TO_DATE('11/07/1997','DD/MM/YYYY'));
INSERT INTO ARTICULO_DONADO(ARTICULO_ID,PAIS_ID,FECHA_DONACION) VALUES(365,18,TO_DATE('10/06/2004','DD/MM/YYYY'));
INSERT INTO ARTICULO_DONADO(ARTICULO_ID,PAIS_ID,FECHA_DONACION) VALUES(366,3,TO_DATE('16/05/2001','DD/MM/YYYY'));
INSERT INTO ARTICULO_DONADO(ARTICULO_ID,PAIS_ID,FECHA_DONACION) VALUES(367,19,TO_DATE('07/03/1998','DD/MM/YYYY'));
INSERT INTO ARTICULO_DONADO(ARTICULO_ID,PAIS_ID,FECHA_DONACION) VALUES(368,2,TO_DATE('24/11/1999','DD/MM/YYYY'));
INSERT INTO ARTICULO_DONADO(ARTICULO_ID,PAIS_ID,FECHA_DONACION) VALUES(369,50,TO_DATE('24/09/1996','DD/MM/YYYY'));
INSERT INTO ARTICULO_DONADO(ARTICULO_ID,PAIS_ID,FECHA_DONACION) VALUES(370,51,TO_DATE('02/03/1997','DD/MM/YYYY'));
INSERT INTO ARTICULO_DONADO(ARTICULO_ID,PAIS_ID,FECHA_DONACION) VALUES(371,23,TO_DATE('21/09/1996','DD/MM/YYYY'));
INSERT INTO ARTICULO_DONADO(ARTICULO_ID,PAIS_ID,FECHA_DONACION) VALUES(372,15,TO_DATE('19/01/2001','DD/MM/YYYY'));
INSERT INTO ARTICULO_DONADO(ARTICULO_ID,PAIS_ID,FECHA_DONACION) VALUES(373,11,TO_DATE('26/11/2002','DD/MM/YYYY'));
INSERT INTO ARTICULO_DONADO(ARTICULO_ID,PAIS_ID,FECHA_DONACION) VALUES(374,5,TO_DATE('13/08/2003','DD/MM/YYYY'));
INSERT INTO ARTICULO_DONADO(ARTICULO_ID,PAIS_ID,FECHA_DONACION) VALUES(375,21,TO_DATE('10/12/1997','DD/MM/YYYY'));
INSERT INTO ARTICULO_DONADO(ARTICULO_ID,PAIS_ID,FECHA_DONACION) VALUES(376,16,TO_DATE('14/07/2004','DD/MM/YYYY'));
INSERT INTO ARTICULO_DONADO(ARTICULO_ID,PAIS_ID,FECHA_DONACION) VALUES(377,20,TO_DATE('14/10/2004','DD/MM/YYYY'));
INSERT INTO ARTICULO_DONADO(ARTICULO_ID,PAIS_ID,FECHA_DONACION) VALUES(378,31,TO_DATE('13/10/2004','DD/MM/YYYY'));
INSERT INTO ARTICULO_DONADO(ARTICULO_ID,PAIS_ID,FECHA_DONACION) VALUES(379,27,TO_DATE('14/12/1996','DD/MM/YYYY'));
INSERT INTO ARTICULO_DONADO(ARTICULO_ID,PAIS_ID,FECHA_DONACION) VALUES(380,41,TO_DATE('18/10/1998','DD/MM/YYYY'));
INSERT INTO ARTICULO_DONADO(ARTICULO_ID,PAIS_ID,FECHA_DONACION) VALUES(381,33,TO_DATE('05/08/2001','DD/MM/YYYY'));
INSERT INTO ARTICULO_DONADO(ARTICULO_ID,PAIS_ID,FECHA_DONACION) VALUES(382,15,TO_DATE('04/03/2000','DD/MM/YYYY'));
INSERT INTO ARTICULO_DONADO(ARTICULO_ID,PAIS_ID,FECHA_DONACION) VALUES(383,40,TO_DATE('17/09/2003','DD/MM/YYYY'));
INSERT INTO ARTICULO_DONADO(ARTICULO_ID,PAIS_ID,FECHA_DONACION) VALUES(384,26,TO_DATE('20/01/1995','DD/MM/YYYY'));
INSERT INTO ARTICULO_DONADO(ARTICULO_ID,PAIS_ID,FECHA_DONACION) VALUES(385,29,TO_DATE('01/02/1998','DD/MM/YYYY'));
INSERT INTO ARTICULO_DONADO(ARTICULO_ID,PAIS_ID,FECHA_DONACION) VALUES(386,3,TO_DATE('26/12/2003','DD/MM/YYYY'));
INSERT INTO ARTICULO_DONADO(ARTICULO_ID,PAIS_ID,FECHA_DONACION) VALUES(387,15,TO_DATE('19/11/2003','DD/MM/YYYY'));
INSERT INTO ARTICULO_DONADO(ARTICULO_ID,PAIS_ID,FECHA_DONACION) VALUES(388,13,TO_DATE('31/12/2003','DD/MM/YYYY'));
INSERT INTO ARTICULO_DONADO(ARTICULO_ID,PAIS_ID,FECHA_DONACION) VALUES(389,11,TO_DATE('02/08/1998','DD/MM/YYYY'));
INSERT INTO ARTICULO_DONADO(ARTICULO_ID,PAIS_ID,FECHA_DONACION) VALUES(390,17,TO_DATE('06/02/1998','DD/MM/YYYY'));
INSERT INTO ARTICULO_DONADO(ARTICULO_ID,PAIS_ID,FECHA_DONACION) VALUES(391,52,TO_DATE('15/01/1997','DD/MM/YYYY'));
INSERT INTO ARTICULO_DONADO(ARTICULO_ID,PAIS_ID,FECHA_DONACION) VALUES(392,38,TO_DATE('17/10/1996','DD/MM/YYYY'));
INSERT INTO ARTICULO_DONADO(ARTICULO_ID,PAIS_ID,FECHA_DONACION) VALUES(393,35,TO_DATE('23/12/2002','DD/MM/YYYY'));
INSERT INTO ARTICULO_DONADO(ARTICULO_ID,PAIS_ID,FECHA_DONACION) VALUES(394,43,TO_DATE('10/01/2001','DD/MM/YYYY'));
INSERT INTO ARTICULO_DONADO(ARTICULO_ID,PAIS_ID,FECHA_DONACION) VALUES(395,16,TO_DATE('18/09/1996','DD/MM/YYYY'));
INSERT INTO ARTICULO_DONADO(ARTICULO_ID,PAIS_ID,FECHA_DONACION) VALUES(396,22,TO_DATE('14/09/1995','DD/MM/YYYY'));
INSERT INTO ARTICULO_DONADO(ARTICULO_ID,PAIS_ID,FECHA_DONACION) VALUES(397,11,TO_DATE('05/04/2002','DD/MM/YYYY'));
INSERT INTO ARTICULO_DONADO(ARTICULO_ID,PAIS_ID,FECHA_DONACION) VALUES(398,5,TO_DATE('14/09/1998','DD/MM/YYYY'));
INSERT INTO ARTICULO_DONADO(ARTICULO_ID,PAIS_ID,FECHA_DONACION) VALUES(399,24,TO_DATE('09/07/1998','DD/MM/YYYY'));
INSERT INTO ARTICULO_DONADO(ARTICULO_ID,PAIS_ID,FECHA_DONACION) VALUES(400,31,TO_DATE('19/08/1999','DD/MM/YYYY'));

---Facturas del cliente
INSERT INTO FACTURA_CLIENTE(FACTURA_CLIENTE_ID,FECHA_FACTURA,TARJETA_CLIENTE_ID) VALUES(1,TO_DATE('06/01/2010','DD/MM/YYYY'),47);
INSERT INTO FACTURA_CLIENTE(FACTURA_CLIENTE_ID,FECHA_FACTURA,TARJETA_CLIENTE_ID) VALUES(2,TO_DATE('08/01/2010','DD/MM/YYYY'),16);
INSERT INTO FACTURA_CLIENTE(FACTURA_CLIENTE_ID,FECHA_FACTURA,TARJETA_CLIENTE_ID) VALUES(3,TO_DATE('08/01/2010','DD/MM/YYYY'),2);
INSERT INTO FACTURA_CLIENTE(FACTURA_CLIENTE_ID,FECHA_FACTURA,TARJETA_CLIENTE_ID) VALUES(4,TO_DATE('22/01/2010','DD/MM/YYYY'),67);
INSERT INTO FACTURA_CLIENTE(FACTURA_CLIENTE_ID,FECHA_FACTURA,TARJETA_CLIENTE_ID) VALUES(5,TO_DATE('04/02/2010','DD/MM/YYYY'),6);
INSERT INTO FACTURA_CLIENTE(FACTURA_CLIENTE_ID,FECHA_FACTURA,TARJETA_CLIENTE_ID) VALUES(6,TO_DATE('04/02/2010','DD/MM/YYYY'),29);
INSERT INTO FACTURA_CLIENTE(FACTURA_CLIENTE_ID,FECHA_FACTURA,TARJETA_CLIENTE_ID) VALUES(7,TO_DATE('10/02/2010','DD/MM/YYYY'),56);
INSERT INTO FACTURA_CLIENTE(FACTURA_CLIENTE_ID,FECHA_FACTURA,TARJETA_CLIENTE_ID) VALUES(8,TO_DATE('28/02/2010','DD/MM/YYYY'),44);
INSERT INTO FACTURA_CLIENTE(FACTURA_CLIENTE_ID,FECHA_FACTURA,TARJETA_CLIENTE_ID) VALUES(9,TO_DATE('08/03/2010','DD/MM/YYYY'),31);
INSERT INTO FACTURA_CLIENTE(FACTURA_CLIENTE_ID,FECHA_FACTURA,TARJETA_CLIENTE_ID) VALUES(10,TO_DATE('12/03/2010','DD/MM/YYYY'),63);
INSERT INTO FACTURA_CLIENTE(FACTURA_CLIENTE_ID,FECHA_FACTURA,TARJETA_CLIENTE_ID) VALUES(11,TO_DATE('18/03/2010','DD/MM/YYYY'),50);
INSERT INTO FACTURA_CLIENTE(FACTURA_CLIENTE_ID,FECHA_FACTURA,TARJETA_CLIENTE_ID) VALUES(12,TO_DATE('22/03/2010','DD/MM/YYYY'),15);
INSERT INTO FACTURA_CLIENTE(FACTURA_CLIENTE_ID,FECHA_FACTURA,TARJETA_CLIENTE_ID) VALUES(13,TO_DATE('29/03/2010','DD/MM/YYYY'),22);
INSERT INTO FACTURA_CLIENTE(FACTURA_CLIENTE_ID,FECHA_FACTURA,TARJETA_CLIENTE_ID) VALUES(14,TO_DATE('31/03/2010','DD/MM/YYYY'),53);
INSERT INTO FACTURA_CLIENTE(FACTURA_CLIENTE_ID,FECHA_FACTURA,TARJETA_CLIENTE_ID) VALUES(15,TO_DATE('18/04/2010','DD/MM/YYYY'),52);
INSERT INTO FACTURA_CLIENTE(FACTURA_CLIENTE_ID,FECHA_FACTURA,TARJETA_CLIENTE_ID) VALUES(16,TO_DATE('23/04/2010','DD/MM/YYYY'),61);
INSERT INTO FACTURA_CLIENTE(FACTURA_CLIENTE_ID,FECHA_FACTURA,TARJETA_CLIENTE_ID) VALUES(17,TO_DATE('24/04/2010','DD/MM/YYYY'),51);
INSERT INTO FACTURA_CLIENTE(FACTURA_CLIENTE_ID,FECHA_FACTURA,TARJETA_CLIENTE_ID) VALUES(18,TO_DATE('29/04/2010','DD/MM/YYYY'),68);
INSERT INTO FACTURA_CLIENTE(FACTURA_CLIENTE_ID,FECHA_FACTURA,TARJETA_CLIENTE_ID) VALUES(19,TO_DATE('03/05/2010','DD/MM/YYYY'),39);
INSERT INTO FACTURA_CLIENTE(FACTURA_CLIENTE_ID,FECHA_FACTURA,TARJETA_CLIENTE_ID) VALUES(20,TO_DATE('06/05/2010','DD/MM/YYYY'),10);
INSERT INTO FACTURA_CLIENTE(FACTURA_CLIENTE_ID,FECHA_FACTURA,TARJETA_CLIENTE_ID) VALUES(21,TO_DATE('07/05/2010','DD/MM/YYYY'),42);
INSERT INTO FACTURA_CLIENTE(FACTURA_CLIENTE_ID,FECHA_FACTURA,TARJETA_CLIENTE_ID) VALUES(22,TO_DATE('19/05/2010','DD/MM/YYYY'),43);
INSERT INTO FACTURA_CLIENTE(FACTURA_CLIENTE_ID,FECHA_FACTURA,TARJETA_CLIENTE_ID) VALUES(24,TO_DATE('06/06/2010','DD/MM/YYYY'),32);
INSERT INTO FACTURA_CLIENTE(FACTURA_CLIENTE_ID,FECHA_FACTURA,TARJETA_CLIENTE_ID) VALUES(26,TO_DATE('08/06/2010','DD/MM/YYYY'),58);
INSERT INTO FACTURA_CLIENTE(FACTURA_CLIENTE_ID,FECHA_FACTURA,TARJETA_CLIENTE_ID) VALUES(27,TO_DATE('09/06/2010','DD/MM/YYYY'),58);
INSERT INTO FACTURA_CLIENTE(FACTURA_CLIENTE_ID,FECHA_FACTURA,TARJETA_CLIENTE_ID) VALUES(28,TO_DATE('10/06/2010','DD/MM/YYYY'),41);
INSERT INTO FACTURA_CLIENTE(FACTURA_CLIENTE_ID,FECHA_FACTURA,TARJETA_CLIENTE_ID) VALUES(29,TO_DATE('10/06/2010','DD/MM/YYYY'),24);
INSERT INTO FACTURA_CLIENTE(FACTURA_CLIENTE_ID,FECHA_FACTURA,TARJETA_CLIENTE_ID) VALUES(30,TO_DATE('18/06/2010','DD/MM/YYYY'),4);
INSERT INTO FACTURA_CLIENTE(FACTURA_CLIENTE_ID,FECHA_FACTURA,TARJETA_CLIENTE_ID) VALUES(31,TO_DATE('19/06/2010','DD/MM/YYYY'),11);
INSERT INTO FACTURA_CLIENTE(FACTURA_CLIENTE_ID,FECHA_FACTURA,TARJETA_CLIENTE_ID) VALUES(32,TO_DATE('04/07/2010','DD/MM/YYYY'),25);
INSERT INTO FACTURA_CLIENTE(FACTURA_CLIENTE_ID,FECHA_FACTURA,TARJETA_CLIENTE_ID) VALUES(34,TO_DATE('06/07/2010','DD/MM/YYYY'),18);
INSERT INTO FACTURA_CLIENTE(FACTURA_CLIENTE_ID,FECHA_FACTURA,TARJETA_CLIENTE_ID) VALUES(35,TO_DATE('06/07/2010','DD/MM/YYYY'),36);
INSERT INTO FACTURA_CLIENTE(FACTURA_CLIENTE_ID,FECHA_FACTURA,TARJETA_CLIENTE_ID) VALUES(36,TO_DATE('10/07/2010','DD/MM/YYYY'),28);
INSERT INTO FACTURA_CLIENTE(FACTURA_CLIENTE_ID,FECHA_FACTURA,TARJETA_CLIENTE_ID) VALUES(38,TO_DATE('10/07/2010','DD/MM/YYYY'),46);
INSERT INTO FACTURA_CLIENTE(FACTURA_CLIENTE_ID,FECHA_FACTURA,TARJETA_CLIENTE_ID) VALUES(39,TO_DATE('20/07/2010','DD/MM/YYYY'),7);
INSERT INTO FACTURA_CLIENTE(FACTURA_CLIENTE_ID,FECHA_FACTURA,TARJETA_CLIENTE_ID) VALUES(40,TO_DATE('20/07/2010','DD/MM/YYYY'),30);
INSERT INTO FACTURA_CLIENTE(FACTURA_CLIENTE_ID,FECHA_FACTURA,TARJETA_CLIENTE_ID) VALUES(41,TO_DATE('24/07/2010','DD/MM/YYYY'),16);
INSERT INTO FACTURA_CLIENTE(FACTURA_CLIENTE_ID,FECHA_FACTURA,TARJETA_CLIENTE_ID) VALUES(42,TO_DATE('27/07/2010','DD/MM/YYYY'),29);
INSERT INTO FACTURA_CLIENTE(FACTURA_CLIENTE_ID,FECHA_FACTURA,TARJETA_CLIENTE_ID) VALUES(43,TO_DATE('29/07/2010','DD/MM/YYYY'),56);
INSERT INTO FACTURA_CLIENTE(FACTURA_CLIENTE_ID,FECHA_FACTURA,TARJETA_CLIENTE_ID) VALUES(44,TO_DATE('30/07/2010','DD/MM/YYYY'),31);
INSERT INTO FACTURA_CLIENTE(FACTURA_CLIENTE_ID,FECHA_FACTURA,TARJETA_CLIENTE_ID) VALUES(45,TO_DATE('30/08/2010','DD/MM/YYYY'),15);
INSERT INTO FACTURA_CLIENTE(FACTURA_CLIENTE_ID,FECHA_FACTURA,TARJETA_CLIENTE_ID) VALUES(46,TO_DATE('01/09/2010','DD/MM/YYYY'),28);
INSERT INTO FACTURA_CLIENTE(FACTURA_CLIENTE_ID,FECHA_FACTURA,TARJETA_CLIENTE_ID) VALUES(47,TO_DATE('06/09/2010','DD/MM/YYYY'),65);
INSERT INTO FACTURA_CLIENTE(FACTURA_CLIENTE_ID,FECHA_FACTURA,TARJETA_CLIENTE_ID) VALUES(48,TO_DATE('12/09/2010','DD/MM/YYYY'),55);
INSERT INTO FACTURA_CLIENTE(FACTURA_CLIENTE_ID,FECHA_FACTURA,TARJETA_CLIENTE_ID) VALUES(49,TO_DATE('21/09/2010','DD/MM/YYYY'),55);
INSERT INTO FACTURA_CLIENTE(FACTURA_CLIENTE_ID,FECHA_FACTURA,TARJETA_CLIENTE_ID) VALUES(50,TO_DATE('26/09/2010','DD/MM/YYYY'),55);
INSERT INTO FACTURA_CLIENTE(FACTURA_CLIENTE_ID,FECHA_FACTURA,TARJETA_CLIENTE_ID) VALUES(51,TO_DATE('29/09/2010','DD/MM/YYYY'),55);
INSERT INTO FACTURA_CLIENTE(FACTURA_CLIENTE_ID,FECHA_FACTURA,TARJETA_CLIENTE_ID) VALUES(52,TO_DATE('01/10/2010','DD/MM/YYYY'),34);
INSERT INTO FACTURA_CLIENTE(FACTURA_CLIENTE_ID,FECHA_FACTURA,TARJETA_CLIENTE_ID) VALUES(53,TO_DATE('23/10/2010','DD/MM/YYYY'),26);
INSERT INTO FACTURA_CLIENTE(FACTURA_CLIENTE_ID,FECHA_FACTURA,TARJETA_CLIENTE_ID) VALUES(54,TO_DATE('24/10/2010','DD/MM/YYYY'),27);
INSERT INTO FACTURA_CLIENTE(FACTURA_CLIENTE_ID,FECHA_FACTURA,TARJETA_CLIENTE_ID) VALUES(55,TO_DATE('29/10/2010','DD/MM/YYYY'),19);
INSERT INTO FACTURA_CLIENTE(FACTURA_CLIENTE_ID,FECHA_FACTURA,TARJETA_CLIENTE_ID) VALUES(56,TO_DATE('20/11/2010','DD/MM/YYYY'),17);
INSERT INTO FACTURA_CLIENTE(FACTURA_CLIENTE_ID,FECHA_FACTURA,TARJETA_CLIENTE_ID) VALUES(57,TO_DATE('25/11/2010','DD/MM/YYYY'),37);
INSERT INTO FACTURA_CLIENTE(FACTURA_CLIENTE_ID,FECHA_FACTURA,TARJETA_CLIENTE_ID) VALUES(58,TO_DATE('26/11/2010','DD/MM/YYYY'),49);
INSERT INTO FACTURA_CLIENTE(FACTURA_CLIENTE_ID,FECHA_FACTURA,TARJETA_CLIENTE_ID) VALUES(59,TO_DATE('09/12/2010','DD/MM/YYYY'),12);
INSERT INTO FACTURA_CLIENTE(FACTURA_CLIENTE_ID,FECHA_FACTURA,TARJETA_CLIENTE_ID) VALUES(60,TO_DATE('17/12/2010','DD/MM/YYYY'),5);

---subasta_venta

INSERT INTO SUBASTA_VENTA(SUBASTA_VENTA_ID,PRECIO_VENTA,ARTICULO_ID,CLIENTE_ID,FACTURA_CLIENTE_ID) VALUES(1,130726.3672,4,4,3);
INSERT INTO SUBASTA_VENTA(SUBASTA_VENTA_ID,PRECIO_VENTA,ARTICULO_ID,CLIENTE_ID,FACTURA_CLIENTE_ID) VALUES(2,439116.4036,5,62,52);
INSERT INTO SUBASTA_VENTA(SUBASTA_VENTA_ID,PRECIO_VENTA,ARTICULO_ID,CLIENTE_ID,FACTURA_CLIENTE_ID) VALUES(3,1117229.002,11,95,null);
INSERT INTO SUBASTA_VENTA(SUBASTA_VENTA_ID,PRECIO_VENTA,ARTICULO_ID,CLIENTE_ID,FACTURA_CLIENTE_ID) VALUES(4,777072.4312,13,13,7);
INSERT INTO SUBASTA_VENTA(SUBASTA_VENTA_ID,PRECIO_VENTA,ARTICULO_ID,CLIENTE_ID,FACTURA_CLIENTE_ID) VALUES(5,592323.4002,16,11,6);
INSERT INTO SUBASTA_VENTA(SUBASTA_VENTA_ID,PRECIO_VENTA,ARTICULO_ID,CLIENTE_ID,FACTURA_CLIENTE_ID) VALUES(6,902166.69,17,31,17);
INSERT INTO SUBASTA_VENTA(SUBASTA_VENTA_ID,PRECIO_VENTA,ARTICULO_ID,CLIENTE_ID,FACTURA_CLIENTE_ID) VALUES(7,745764.381,19,11,6);
INSERT INTO SUBASTA_VENTA(SUBASTA_VENTA_ID,PRECIO_VENTA,ARTICULO_ID,CLIENTE_ID,FACTURA_CLIENTE_ID) VALUES(8,1066240.84,20,56,32);
INSERT INTO SUBASTA_VENTA(SUBASTA_VENTA_ID,PRECIO_VENTA,ARTICULO_ID,CLIENTE_ID,FACTURA_CLIENTE_ID) VALUES(9,218669.2604,22,50,29);
INSERT INTO SUBASTA_VENTA(SUBASTA_VENTA_ID,PRECIO_VENTA,ARTICULO_ID,CLIENTE_ID,FACTURA_CLIENTE_ID) VALUES(10,590606.772,24,10,5);
INSERT INTO SUBASTA_VENTA(SUBASTA_VENTA_ID,PRECIO_VENTA,ARTICULO_ID,CLIENTE_ID,FACTURA_CLIENTE_ID) VALUES(11,719468.3856,26,55,31);
INSERT INTO SUBASTA_VENTA(SUBASTA_VENTA_ID,PRECIO_VENTA,ARTICULO_ID,CLIENTE_ID,FACTURA_CLIENTE_ID) VALUES(12,675468.9882,37,37,21);
INSERT INTO SUBASTA_VENTA(SUBASTA_VENTA_ID,PRECIO_VENTA,ARTICULO_ID,CLIENTE_ID,FACTURA_CLIENTE_ID) VALUES(13,346010.8845,45,68,36);
INSERT INTO SUBASTA_VENTA(SUBASTA_VENTA_ID,PRECIO_VENTA,ARTICULO_ID,CLIENTE_ID,FACTURA_CLIENTE_ID) VALUES(14,698840.1252,47,56,32);
INSERT INTO SUBASTA_VENTA(SUBASTA_VENTA_ID,PRECIO_VENTA,ARTICULO_ID,CLIENTE_ID,FACTURA_CLIENTE_ID) VALUES(15,480522.8518,48,70,53);
INSERT INTO SUBASTA_VENTA(SUBASTA_VENTA_ID,PRECIO_VENTA,ARTICULO_ID,CLIENTE_ID,FACTURA_CLIENTE_ID) VALUES(16,1241103.632,50,21,12);
INSERT INTO SUBASTA_VENTA(SUBASTA_VENTA_ID,PRECIO_VENTA,ARTICULO_ID,CLIENTE_ID,FACTURA_CLIENTE_ID) VALUES(17,30301.0375,53,52,30);
INSERT INTO SUBASTA_VENTA(SUBASTA_VENTA_ID,PRECIO_VENTA,ARTICULO_ID,CLIENTE_ID,FACTURA_CLIENTE_ID) VALUES(18,982671.7264,58,26,15);
INSERT INTO SUBASTA_VENTA(SUBASTA_VENTA_ID,PRECIO_VENTA,ARTICULO_ID,CLIENTE_ID,FACTURA_CLIENTE_ID) VALUES(19,343490.085,67,23,14);
INSERT INTO SUBASTA_VENTA(SUBASTA_VENTA_ID,PRECIO_VENTA,ARTICULO_ID,CLIENTE_ID,FACTURA_CLIENTE_ID) VALUES(20,349134.8689,69,3,2);
INSERT INTO SUBASTA_VENTA(SUBASTA_VENTA_ID,PRECIO_VENTA,ARTICULO_ID,CLIENTE_ID,FACTURA_CLIENTE_ID) VALUES(21,1132497.323,70,55,31);
INSERT INTO SUBASTA_VENTA(SUBASTA_VENTA_ID,PRECIO_VENTA,ARTICULO_ID,CLIENTE_ID,FACTURA_CLIENTE_ID) VALUES(22,1186724.48,74,81,60);
INSERT INTO SUBASTA_VENTA(SUBASTA_VENTA_ID,PRECIO_VENTA,ARTICULO_ID,CLIENTE_ID,FACTURA_CLIENTE_ID) VALUES(23,239362.8996,75,21,12);
INSERT INTO SUBASTA_VENTA(SUBASTA_VENTA_ID,PRECIO_VENTA,ARTICULO_ID,CLIENTE_ID,FACTURA_CLIENTE_ID) VALUES(24,1468435.191,76,81,60);
INSERT INTO SUBASTA_VENTA(SUBASTA_VENTA_ID,PRECIO_VENTA,ARTICULO_ID,CLIENTE_ID,FACTURA_CLIENTE_ID) VALUES(25,1198511.544,77,2,1);
INSERT INTO SUBASTA_VENTA(SUBASTA_VENTA_ID,PRECIO_VENTA,ARTICULO_ID,CLIENTE_ID,FACTURA_CLIENTE_ID) VALUES(26,765518.6874,80,68,36);
INSERT INTO SUBASTA_VENTA(SUBASTA_VENTA_ID,PRECIO_VENTA,ARTICULO_ID,CLIENTE_ID,FACTURA_CLIENTE_ID) VALUES(27,545016.8584,87,3,2);
INSERT INTO SUBASTA_VENTA(SUBASTA_VENTA_ID,PRECIO_VENTA,ARTICULO_ID,CLIENTE_ID,FACTURA_CLIENTE_ID) VALUES(28,291386.63,89,73,40);
INSERT INTO SUBASTA_VENTA(SUBASTA_VENTA_ID,PRECIO_VENTA,ARTICULO_ID,CLIENTE_ID,FACTURA_CLIENTE_ID) VALUES(29,942582.55,95,49,27);
INSERT INTO SUBASTA_VENTA(SUBASTA_VENTA_ID,PRECIO_VENTA,ARTICULO_ID,CLIENTE_ID,FACTURA_CLIENTE_ID) VALUES(30,521923.3614,96,28,16);
INSERT INTO SUBASTA_VENTA(SUBASTA_VENTA_ID,PRECIO_VENTA,ARTICULO_ID,CLIENTE_ID,FACTURA_CLIENTE_ID) VALUES(31,1084231.48,97,89,null);
INSERT INTO SUBASTA_VENTA(SUBASTA_VENTA_ID,PRECIO_VENTA,ARTICULO_ID,CLIENTE_ID,FACTURA_CLIENTE_ID) VALUES(32,932892.7628,101,71,38);
INSERT INTO SUBASTA_VENTA(SUBASTA_VENTA_ID,PRECIO_VENTA,ARTICULO_ID,CLIENTE_ID,FACTURA_CLIENTE_ID) VALUES(33,421717.719,103,93,null);
INSERT INTO SUBASTA_VENTA(SUBASTA_VENTA_ID,PRECIO_VENTA,ARTICULO_ID,CLIENTE_ID,FACTURA_CLIENTE_ID) VALUES(34,186373.4733,109,92,null);
INSERT INTO SUBASTA_VENTA(SUBASTA_VENTA_ID,PRECIO_VENTA,ARTICULO_ID,CLIENTE_ID,FACTURA_CLIENTE_ID) VALUES(35,1026117.35,111,48,26);
INSERT INTO SUBASTA_VENTA(SUBASTA_VENTA_ID,PRECIO_VENTA,ARTICULO_ID,CLIENTE_ID,FACTURA_CLIENTE_ID) VALUES(36,403278.7622,112,49,27);
INSERT INTO SUBASTA_VENTA(SUBASTA_VENTA_ID,PRECIO_VENTA,ARTICULO_ID,CLIENTE_ID,FACTURA_CLIENTE_ID) VALUES(37,318884.466,117,65,35);
INSERT INTO SUBASTA_VENTA(SUBASTA_VENTA_ID,PRECIO_VENTA,ARTICULO_ID,CLIENTE_ID,FACTURA_CLIENTE_ID) VALUES(38,737531.4096,119,19,10);
INSERT INTO SUBASTA_VENTA(SUBASTA_VENTA_ID,PRECIO_VENTA,ARTICULO_ID,CLIENTE_ID,FACTURA_CLIENTE_ID) VALUES(39,1355781.202,122,28,46);
INSERT INTO SUBASTA_VENTA(SUBASTA_VENTA_ID,PRECIO_VENTA,ARTICULO_ID,CLIENTE_ID,FACTURA_CLIENTE_ID) VALUES(40,568039.7,123,96,null);
INSERT INTO SUBASTA_VENTA(SUBASTA_VENTA_ID,PRECIO_VENTA,ARTICULO_ID,CLIENTE_ID,FACTURA_CLIENTE_ID) VALUES(41,1192149.221,124,74,54);
INSERT INTO SUBASTA_VENTA(SUBASTA_VENTA_ID,PRECIO_VENTA,ARTICULO_ID,CLIENTE_ID,FACTURA_CLIENTE_ID) VALUES(42,212493.6176,126,78,57);
INSERT INTO SUBASTA_VENTA(SUBASTA_VENTA_ID,PRECIO_VENTA,ARTICULO_ID,CLIENTE_ID,FACTURA_CLIENTE_ID) VALUES(43,1326360.06,127,33,19);
INSERT INTO SUBASTA_VENTA(SUBASTA_VENTA_ID,PRECIO_VENTA,ARTICULO_ID,CLIENTE_ID,FACTURA_CLIENTE_ID) VALUES(44,1137355.35,128,49,28);
INSERT INTO SUBASTA_VENTA(SUBASTA_VENTA_ID,PRECIO_VENTA,ARTICULO_ID,CLIENTE_ID,FACTURA_CLIENTE_ID) VALUES(45,922131.168,129,92,null);
INSERT INTO SUBASTA_VENTA(SUBASTA_VENTA_ID,PRECIO_VENTA,ARTICULO_ID,CLIENTE_ID,FACTURA_CLIENTE_ID) VALUES(46,468327.574,135,92,null);
INSERT INTO SUBASTA_VENTA(SUBASTA_VENTA_ID,PRECIO_VENTA,ARTICULO_ID,CLIENTE_ID,FACTURA_CLIENTE_ID) VALUES(47,1147958.198,137,92,null);
INSERT INTO SUBASTA_VENTA(SUBASTA_VENTA_ID,PRECIO_VENTA,ARTICULO_ID,CLIENTE_ID,FACTURA_CLIENTE_ID) VALUES(48,583962.7212,139,20,11);
INSERT INTO SUBASTA_VENTA(SUBASTA_VENTA_ID,PRECIO_VENTA,ARTICULO_ID,CLIENTE_ID,FACTURA_CLIENTE_ID) VALUES(49,1019806.656,141,31,17);
INSERT INTO SUBASTA_VENTA(SUBASTA_VENTA_ID,PRECIO_VENTA,ARTICULO_ID,CLIENTE_ID,FACTURA_CLIENTE_ID) VALUES(50,375233.1675,142,23,14);
INSERT INTO SUBASTA_VENTA(SUBASTA_VENTA_ID,PRECIO_VENTA,ARTICULO_ID,CLIENTE_ID,FACTURA_CLIENTE_ID) VALUES(51,91652.7118,143,11,42);
INSERT INTO SUBASTA_VENTA(SUBASTA_VENTA_ID,PRECIO_VENTA,ARTICULO_ID,CLIENTE_ID,FACTURA_CLIENTE_ID) VALUES(52,1363245.285,144,19,10);
INSERT INTO SUBASTA_VENTA(SUBASTA_VENTA_ID,PRECIO_VENTA,ARTICULO_ID,CLIENTE_ID,FACTURA_CLIENTE_ID) VALUES(53,690278.6828,145,39,22);
INSERT INTO SUBASTA_VENTA(SUBASTA_VENTA_ID,PRECIO_VENTA,ARTICULO_ID,CLIENTE_ID,FACTURA_CLIENTE_ID) VALUES(54,192876.0156,147,97,null);
INSERT INTO SUBASTA_VENTA(SUBASTA_VENTA_ID,PRECIO_VENTA,ARTICULO_ID,CLIENTE_ID,FACTURA_CLIENTE_ID) VALUES(55,157512.736,150,79,58);
INSERT INTO SUBASTA_VENTA(SUBASTA_VENTA_ID,PRECIO_VENTA,ARTICULO_ID,CLIENTE_ID,FACTURA_CLIENTE_ID) VALUES(56,522690.1022,152,49,28);
INSERT INTO SUBASTA_VENTA(SUBASTA_VENTA_ID,PRECIO_VENTA,ARTICULO_ID,CLIENTE_ID,FACTURA_CLIENTE_ID) VALUES(57,734483.5173,153,13,7);
INSERT INTO SUBASTA_VENTA(SUBASTA_VENTA_ID,PRECIO_VENTA,ARTICULO_ID,CLIENTE_ID,FACTURA_CLIENTE_ID) VALUES(58,995572.5288,155,85,null);
INSERT INTO SUBASTA_VENTA(SUBASTA_VENTA_ID,PRECIO_VENTA,ARTICULO_ID,CLIENTE_ID,FACTURA_CLIENTE_ID) VALUES(59,433070.7822,162,43,48);
INSERT INTO SUBASTA_VENTA(SUBASTA_VENTA_ID,PRECIO_VENTA,ARTICULO_ID,CLIENTE_ID,FACTURA_CLIENTE_ID) VALUES(60,280983.0656,163,80,59);
INSERT INTO SUBASTA_VENTA(SUBASTA_VENTA_ID,PRECIO_VENTA,ARTICULO_ID,CLIENTE_ID,FACTURA_CLIENTE_ID) VALUES(61,396174.4875,164,42,24);
INSERT INTO SUBASTA_VENTA(SUBASTA_VENTA_ID,PRECIO_VENTA,ARTICULO_ID,CLIENTE_ID,FACTURA_CLIENTE_ID) VALUES(62,228071.9848,166,70,53);
INSERT INTO SUBASTA_VENTA(SUBASTA_VENTA_ID,PRECIO_VENTA,ARTICULO_ID,CLIENTE_ID,FACTURA_CLIENTE_ID) VALUES(63,909968.7,167,76,56);
INSERT INTO SUBASTA_VENTA(SUBASTA_VENTA_ID,PRECIO_VENTA,ARTICULO_ID,CLIENTE_ID,FACTURA_CLIENTE_ID) VALUES(64,573119.7416,173,26,15);
INSERT INTO SUBASTA_VENTA(SUBASTA_VENTA_ID,PRECIO_VENTA,ARTICULO_ID,CLIENTE_ID,FACTURA_CLIENTE_ID) VALUES(65,391424.6316,177,92,null);
INSERT INTO SUBASTA_VENTA(SUBASTA_VENTA_ID,PRECIO_VENTA,ARTICULO_ID,CLIENTE_ID,FACTURA_CLIENTE_ID) VALUES(66,575870.7825,185,78,57);
INSERT INTO SUBASTA_VENTA(SUBASTA_VENTA_ID,PRECIO_VENTA,ARTICULO_ID,CLIENTE_ID,FACTURA_CLIENTE_ID) VALUES(67,564710.6864,186,17,9);
INSERT INTO SUBASTA_VENTA(SUBASTA_VENTA_ID,PRECIO_VENTA,ARTICULO_ID,CLIENTE_ID,FACTURA_CLIENTE_ID) VALUES(68,136697.5577,187,95,null);
INSERT INTO SUBASTA_VENTA(SUBASTA_VENTA_ID,PRECIO_VENTA,ARTICULO_ID,CLIENTE_ID,FACTURA_CLIENTE_ID) VALUES(69,1000228.149,188,3,2);
INSERT INTO SUBASTA_VENTA(SUBASTA_VENTA_ID,PRECIO_VENTA,ARTICULO_ID,CLIENTE_ID,FACTURA_CLIENTE_ID) VALUES(70,794384.32,189,10,5);
INSERT INTO SUBASTA_VENTA(SUBASTA_VENTA_ID,PRECIO_VENTA,ARTICULO_ID,CLIENTE_ID,FACTURA_CLIENTE_ID) VALUES(71,828288.3968,190,3,2);
INSERT INTO SUBASTA_VENTA(SUBASTA_VENTA_ID,PRECIO_VENTA,ARTICULO_ID,CLIENTE_ID,FACTURA_CLIENTE_ID) VALUES(72,397477.1224,191,43,49);
INSERT INTO SUBASTA_VENTA(SUBASTA_VENTA_ID,PRECIO_VENTA,ARTICULO_ID,CLIENTE_ID,FACTURA_CLIENTE_ID) VALUES(73,1227377.666,193,3,41);
INSERT INTO SUBASTA_VENTA(SUBASTA_VENTA_ID,PRECIO_VENTA,ARTICULO_ID,CLIENTE_ID,FACTURA_CLIENTE_ID) VALUES(74,60044.415,194,42,24);
INSERT INTO SUBASTA_VENTA(SUBASTA_VENTA_ID,PRECIO_VENTA,ARTICULO_ID,CLIENTE_ID,FACTURA_CLIENTE_ID) VALUES(75,417667.5646,195,33,19);
INSERT INTO SUBASTA_VENTA(SUBASTA_VENTA_ID,PRECIO_VENTA,ARTICULO_ID,CLIENTE_ID,FACTURA_CLIENTE_ID) VALUES(76,514396.9616,202,73,40);
INSERT INTO SUBASTA_VENTA(SUBASTA_VENTA_ID,PRECIO_VENTA,ARTICULO_ID,CLIENTE_ID,FACTURA_CLIENTE_ID) VALUES(77,1188988.942,204,17,44);
INSERT INTO SUBASTA_VENTA(SUBASTA_VENTA_ID,PRECIO_VENTA,ARTICULO_ID,CLIENTE_ID,FACTURA_CLIENTE_ID) VALUES(78,954391.7082,209,10,5);
INSERT INTO SUBASTA_VENTA(SUBASTA_VENTA_ID,PRECIO_VENTA,ARTICULO_ID,CLIENTE_ID,FACTURA_CLIENTE_ID) VALUES(79,415108.9644,210,49,28);
INSERT INTO SUBASTA_VENTA(SUBASTA_VENTA_ID,PRECIO_VENTA,ARTICULO_ID,CLIENTE_ID,FACTURA_CLIENTE_ID) VALUES(80,1027496.342,218,28,46);
INSERT INTO SUBASTA_VENTA(SUBASTA_VENTA_ID,PRECIO_VENTA,ARTICULO_ID,CLIENTE_ID,FACTURA_CLIENTE_ID) VALUES(81,574950.2514,222,97,null);
INSERT INTO SUBASTA_VENTA(SUBASTA_VENTA_ID,PRECIO_VENTA,ARTICULO_ID,CLIENTE_ID,FACTURA_CLIENTE_ID) VALUES(82,1148977.363,225,48,26);
INSERT INTO SUBASTA_VENTA(SUBASTA_VENTA_ID,PRECIO_VENTA,ARTICULO_ID,CLIENTE_ID,FACTURA_CLIENTE_ID) VALUES(83,246180.883,231,17,44);
INSERT INTO SUBASTA_VENTA(SUBASTA_VENTA_ID,PRECIO_VENTA,ARTICULO_ID,CLIENTE_ID,FACTURA_CLIENTE_ID) VALUES(84,251119.9654,232,85,null);
INSERT INTO SUBASTA_VENTA(SUBASTA_VENTA_ID,PRECIO_VENTA,ARTICULO_ID,CLIENTE_ID,FACTURA_CLIENTE_ID) VALUES(85,1340188.8,233,42,24);
INSERT INTO SUBASTA_VENTA(SUBASTA_VENTA_ID,PRECIO_VENTA,ARTICULO_ID,CLIENTE_ID,FACTURA_CLIENTE_ID) VALUES(86,1165507.856,236,95,null);
INSERT INTO SUBASTA_VENTA(SUBASTA_VENTA_ID,PRECIO_VENTA,ARTICULO_ID,CLIENTE_ID,FACTURA_CLIENTE_ID) VALUES(87,697816.175,239,21,45);
INSERT INTO SUBASTA_VENTA(SUBASTA_VENTA_ID,PRECIO_VENTA,ARTICULO_ID,CLIENTE_ID,FACTURA_CLIENTE_ID) VALUES(88,1006209.722,240,31,17);
INSERT INTO SUBASTA_VENTA(SUBASTA_VENTA_ID,PRECIO_VENTA,ARTICULO_ID,CLIENTE_ID,FACTURA_CLIENTE_ID) VALUES(89,752427.243,241,40,47);
INSERT INTO SUBASTA_VENTA(SUBASTA_VENTA_ID,PRECIO_VENTA,ARTICULO_ID,CLIENTE_ID,FACTURA_CLIENTE_ID) VALUES(90,1154174.063,243,20,11);
INSERT INTO SUBASTA_VENTA(SUBASTA_VENTA_ID,PRECIO_VENTA,ARTICULO_ID,CLIENTE_ID,FACTURA_CLIENTE_ID) VALUES(91,246394.1424,244,76,56);
INSERT INTO SUBASTA_VENTA(SUBASTA_VENTA_ID,PRECIO_VENTA,ARTICULO_ID,CLIENTE_ID,FACTURA_CLIENTE_ID) VALUES(92,288367.9674,246,71,38);
INSERT INTO SUBASTA_VENTA(SUBASTA_VENTA_ID,PRECIO_VENTA,ARTICULO_ID,CLIENTE_ID,FACTURA_CLIENTE_ID) VALUES(93,1206459.716,252,74,54);
INSERT INTO SUBASTA_VENTA(SUBASTA_VENTA_ID,PRECIO_VENTA,ARTICULO_ID,CLIENTE_ID,FACTURA_CLIENTE_ID) VALUES(94,736993.2032,254,72,39);
INSERT INTO SUBASTA_VENTA(SUBASTA_VENTA_ID,PRECIO_VENTA,ARTICULO_ID,CLIENTE_ID,FACTURA_CLIENTE_ID) VALUES(95,182403.3326,255,40,47);
INSERT INTO SUBASTA_VENTA(SUBASTA_VENTA_ID,PRECIO_VENTA,ARTICULO_ID,CLIENTE_ID,FACTURA_CLIENTE_ID) VALUES(96,789346.4076,257,74,54);
INSERT INTO SUBASTA_VENTA(SUBASTA_VENTA_ID,PRECIO_VENTA,ARTICULO_ID,CLIENTE_ID,FACTURA_CLIENTE_ID) VALUES(97,172033.4035,259,84,null);
INSERT INTO SUBASTA_VENTA(SUBASTA_VENTA_ID,PRECIO_VENTA,ARTICULO_ID,CLIENTE_ID,FACTURA_CLIENTE_ID) VALUES(98,671884.5672,262,56,32);
INSERT INTO SUBASTA_VENTA(SUBASTA_VENTA_ID,PRECIO_VENTA,ARTICULO_ID,CLIENTE_ID,FACTURA_CLIENTE_ID) VALUES(99,646841.4136,264,56,32);
INSERT INTO SUBASTA_VENTA(SUBASTA_VENTA_ID,PRECIO_VENTA,ARTICULO_ID,CLIENTE_ID,FACTURA_CLIENTE_ID) VALUES(100,976270.9495,265,72,39);
INSERT INTO SUBASTA_VENTA(SUBASTA_VENTA_ID,PRECIO_VENTA,ARTICULO_ID,CLIENTE_ID,FACTURA_CLIENTE_ID) VALUES(101,505953.36,268,4,3);
INSERT INTO SUBASTA_VENTA(SUBASTA_VENTA_ID,PRECIO_VENTA,ARTICULO_ID,CLIENTE_ID,FACTURA_CLIENTE_ID) VALUES(102,334332.8862,269,84,null);
INSERT INTO SUBASTA_VENTA(SUBASTA_VENTA_ID,PRECIO_VENTA,ARTICULO_ID,CLIENTE_ID,FACTURA_CLIENTE_ID) VALUES(103,213317.566,270,35,20);
INSERT INTO SUBASTA_VENTA(SUBASTA_VENTA_ID,PRECIO_VENTA,ARTICULO_ID,CLIENTE_ID,FACTURA_CLIENTE_ID) VALUES(104,286137.6295,271,23,14);
INSERT INTO SUBASTA_VENTA(SUBASTA_VENTA_ID,PRECIO_VENTA,ARTICULO_ID,CLIENTE_ID,FACTURA_CLIENTE_ID) VALUES(105,1033062.118,273,7,4);
INSERT INTO SUBASTA_VENTA(SUBASTA_VENTA_ID,PRECIO_VENTA,ARTICULO_ID,CLIENTE_ID,FACTURA_CLIENTE_ID) VALUES(106,257434.8672,275,98,null);
INSERT INTO SUBASTA_VENTA(SUBASTA_VENTA_ID,PRECIO_VENTA,ARTICULO_ID,CLIENTE_ID,FACTURA_CLIENTE_ID) VALUES(107,1225758.254,279,80,59);
INSERT INTO SUBASTA_VENTA(SUBASTA_VENTA_ID,PRECIO_VENTA,ARTICULO_ID,CLIENTE_ID,FACTURA_CLIENTE_ID) VALUES(108,399545.965,281,85,null);
INSERT INTO SUBASTA_VENTA(SUBASTA_VENTA_ID,PRECIO_VENTA,ARTICULO_ID,CLIENTE_ID,FACTURA_CLIENTE_ID) VALUES(109,743920.2975,283,42,24);
INSERT INTO SUBASTA_VENTA(SUBASTA_VENTA_ID,PRECIO_VENTA,ARTICULO_ID,CLIENTE_ID,FACTURA_CLIENTE_ID) VALUES(110,849786.925,284,2,1);
INSERT INTO SUBASTA_VENTA(SUBASTA_VENTA_ID,PRECIO_VENTA,ARTICULO_ID,CLIENTE_ID,FACTURA_CLIENTE_ID) VALUES(111,671481.426,288,74,54);
INSERT INTO SUBASTA_VENTA(SUBASTA_VENTA_ID,PRECIO_VENTA,ARTICULO_ID,CLIENTE_ID,FACTURA_CLIENTE_ID) VALUES(112,136703.325,289,79,58);
INSERT INTO SUBASTA_VENTA(SUBASTA_VENTA_ID,PRECIO_VENTA,ARTICULO_ID,CLIENTE_ID,FACTURA_CLIENTE_ID) VALUES(113,1160231.215,290,33,19);
INSERT INTO SUBASTA_VENTA(SUBASTA_VENTA_ID,PRECIO_VENTA,ARTICULO_ID,CLIENTE_ID,FACTURA_CLIENTE_ID) VALUES(114,638907.0488,292,65,35);
INSERT INTO SUBASTA_VENTA(SUBASTA_VENTA_ID,PRECIO_VENTA,ARTICULO_ID,CLIENTE_ID,FACTURA_CLIENTE_ID) VALUES(115,899332.035,293,70,53);
INSERT INTO SUBASTA_VENTA(SUBASTA_VENTA_ID,PRECIO_VENTA,ARTICULO_ID,CLIENTE_ID,FACTURA_CLIENTE_ID) VALUES(116,212002.362,295,39,22);
INSERT INTO SUBASTA_VENTA(SUBASTA_VENTA_ID,PRECIO_VENTA,ARTICULO_ID,CLIENTE_ID,FACTURA_CLIENTE_ID) VALUES(117,171872.2152,297,32,18);
INSERT INTO SUBASTA_VENTA(SUBASTA_VENTA_ID,PRECIO_VENTA,ARTICULO_ID,CLIENTE_ID,FACTURA_CLIENTE_ID) VALUES(118,969395.963,300,26,15);
INSERT INTO SUBASTA_VENTA(SUBASTA_VENTA_ID,PRECIO_VENTA,ARTICULO_ID,CLIENTE_ID,FACTURA_CLIENTE_ID) VALUES(119,260029.3352,301,10,5);
INSERT INTO SUBASTA_VENTA(SUBASTA_VENTA_ID,PRECIO_VENTA,ARTICULO_ID,CLIENTE_ID,FACTURA_CLIENTE_ID) VALUES(120,1218270.453,305,89,null);
INSERT INTO SUBASTA_VENTA(SUBASTA_VENTA_ID,PRECIO_VENTA,ARTICULO_ID,CLIENTE_ID,FACTURA_CLIENTE_ID) VALUES(121,1109369.557,306,78,57);
INSERT INTO SUBASTA_VENTA(SUBASTA_VENTA_ID,PRECIO_VENTA,ARTICULO_ID,CLIENTE_ID,FACTURA_CLIENTE_ID) VALUES(122,1073347.447,308,96,null);
INSERT INTO SUBASTA_VENTA(SUBASTA_VENTA_ID,PRECIO_VENTA,ARTICULO_ID,CLIENTE_ID,FACTURA_CLIENTE_ID) VALUES(123,979784.82,311,64,34);
INSERT INTO SUBASTA_VENTA(SUBASTA_VENTA_ID,PRECIO_VENTA,ARTICULO_ID,CLIENTE_ID,FACTURA_CLIENTE_ID) VALUES(124,165390.3927,314,17,44);
INSERT INTO SUBASTA_VENTA(SUBASTA_VENTA_ID,PRECIO_VENTA,ARTICULO_ID,CLIENTE_ID,FACTURA_CLIENTE_ID) VALUES(125,1068801.854,315,13,43);
INSERT INTO SUBASTA_VENTA(SUBASTA_VENTA_ID,PRECIO_VENTA,ARTICULO_ID,CLIENTE_ID,FACTURA_CLIENTE_ID) VALUES(126,710140.2684,316,95,null);
INSERT INTO SUBASTA_VENTA(SUBASTA_VENTA_ID,PRECIO_VENTA,ARTICULO_ID,CLIENTE_ID,FACTURA_CLIENTE_ID) VALUES(127,97663.275,321,43,50);
INSERT INTO SUBASTA_VENTA(SUBASTA_VENTA_ID,PRECIO_VENTA,ARTICULO_ID,CLIENTE_ID,FACTURA_CLIENTE_ID) VALUES(128,360297.2448,327,16,8);
INSERT INTO SUBASTA_VENTA(SUBASTA_VENTA_ID,PRECIO_VENTA,ARTICULO_ID,CLIENTE_ID,FACTURA_CLIENTE_ID) VALUES(129,308073.8016,330,95,null);
INSERT INTO SUBASTA_VENTA(SUBASTA_VENTA_ID,PRECIO_VENTA,ARTICULO_ID,CLIENTE_ID,FACTURA_CLIENTE_ID) VALUES(130,671369.6374,331,55,31);
INSERT INTO SUBASTA_VENTA(SUBASTA_VENTA_ID,PRECIO_VENTA,ARTICULO_ID,CLIENTE_ID,FACTURA_CLIENTE_ID) VALUES(131,453117.0048,338,62,52);
INSERT INTO SUBASTA_VENTA(SUBASTA_VENTA_ID,PRECIO_VENTA,ARTICULO_ID,CLIENTE_ID,FACTURA_CLIENTE_ID) VALUES(132,1001018.827,343,75,55);
INSERT INTO SUBASTA_VENTA(SUBASTA_VENTA_ID,PRECIO_VENTA,ARTICULO_ID,CLIENTE_ID,FACTURA_CLIENTE_ID) VALUES(133,786921.2032,345,37,21);
INSERT INTO SUBASTA_VENTA(SUBASTA_VENTA_ID,PRECIO_VENTA,ARTICULO_ID,CLIENTE_ID,FACTURA_CLIENTE_ID) VALUES(134,130206.7925,346,33,19);
INSERT INTO SUBASTA_VENTA(SUBASTA_VENTA_ID,PRECIO_VENTA,ARTICULO_ID,CLIENTE_ID,FACTURA_CLIENTE_ID) VALUES(135,343658.805,347,85,null);
INSERT INTO SUBASTA_VENTA(SUBASTA_VENTA_ID,PRECIO_VENTA,ARTICULO_ID,CLIENTE_ID,FACTURA_CLIENTE_ID) VALUES(136,252697.412,348,89,null);
INSERT INTO SUBASTA_VENTA(SUBASTA_VENTA_ID,PRECIO_VENTA,ARTICULO_ID,CLIENTE_ID,FACTURA_CLIENTE_ID) VALUES(137,66593.3571,352,85,null);
INSERT INTO SUBASTA_VENTA(SUBASTA_VENTA_ID,PRECIO_VENTA,ARTICULO_ID,CLIENTE_ID,FACTURA_CLIENTE_ID) VALUES(138,961719.4125,354,13,43);
INSERT INTO SUBASTA_VENTA(SUBASTA_VENTA_ID,PRECIO_VENTA,ARTICULO_ID,CLIENTE_ID,FACTURA_CLIENTE_ID) VALUES(139,537887.224,357,3,41);
INSERT INTO SUBASTA_VENTA(SUBASTA_VENTA_ID,PRECIO_VENTA,ARTICULO_ID,CLIENTE_ID,FACTURA_CLIENTE_ID) VALUES(140,857631.7874,359,80,59);
INSERT INTO SUBASTA_VENTA(SUBASTA_VENTA_ID,PRECIO_VENTA,ARTICULO_ID,CLIENTE_ID,FACTURA_CLIENTE_ID) VALUES(141,695600.1,361,48,26);
INSERT INTO SUBASTA_VENTA(SUBASTA_VENTA_ID,PRECIO_VENTA,ARTICULO_ID,CLIENTE_ID,FACTURA_CLIENTE_ID) VALUES(142,245511,364,42,24);
INSERT INTO SUBASTA_VENTA(SUBASTA_VENTA_ID,PRECIO_VENTA,ARTICULO_ID,CLIENTE_ID,FACTURA_CLIENTE_ID) VALUES(143,552532.4625,366,70,53);
INSERT INTO SUBASTA_VENTA(SUBASTA_VENTA_ID,PRECIO_VENTA,ARTICULO_ID,CLIENTE_ID,FACTURA_CLIENTE_ID) VALUES(144,44201.976,367,95,null);
INSERT INTO SUBASTA_VENTA(SUBASTA_VENTA_ID,PRECIO_VENTA,ARTICULO_ID,CLIENTE_ID,FACTURA_CLIENTE_ID) VALUES(145,1307547.445,382,64,34);
INSERT INTO SUBASTA_VENTA(SUBASTA_VENTA_ID,PRECIO_VENTA,ARTICULO_ID,CLIENTE_ID,FACTURA_CLIENTE_ID) VALUES(146,1256935.625,384,93,null);
INSERT INTO SUBASTA_VENTA(SUBASTA_VENTA_ID,PRECIO_VENTA,ARTICULO_ID,CLIENTE_ID,FACTURA_CLIENTE_ID) VALUES(147,951614.872,386,40,47);
INSERT INTO SUBASTA_VENTA(SUBASTA_VENTA_ID,PRECIO_VENTA,ARTICULO_ID,CLIENTE_ID,FACTURA_CLIENTE_ID) VALUES(148,87026.9008,387,22,13);
INSERT INTO SUBASTA_VENTA(SUBASTA_VENTA_ID,PRECIO_VENTA,ARTICULO_ID,CLIENTE_ID,FACTURA_CLIENTE_ID) VALUES(149,31127.175,389,43,51);
INSERT INTO SUBASTA_VENTA(SUBASTA_VENTA_ID,PRECIO_VENTA,ARTICULO_ID,CLIENTE_ID,FACTURA_CLIENTE_ID) VALUES(150,323360.3295,393,11,42);
INSERT INTO SUBASTA_VENTA(SUBASTA_VENTA_ID,PRECIO_VENTA,ARTICULO_ID,CLIENTE_ID,FACTURA_CLIENTE_ID) VALUES(151,576570.0401,394,71,38);
INSERT INTO SUBASTA_VENTA(SUBASTA_VENTA_ID,PRECIO_VENTA,ARTICULO_ID,CLIENTE_ID,FACTURA_CLIENTE_ID) VALUES(152,51423.983,400,96,null);

---Dejo esta linea comentada por si algo sale mal, puedan hacer rollback. Si toso se inserta OK, ejecuten commit.
commit;
